"id","dataset_id","resource_id","dataset_rank","deeplink","deeplink_file_size","magnet_link","defective_link_flag","created_at","updated_at"
"33","19529","119027","12","https://data.cdc.gov/api/views/7b9s-s8ck/rows.json?accessType=DOWNLOAD","2297943286",NULL,False,"2025-08-11 14:01:45.654704","2025-10-16 16:09:49.479949"
"34","19529","119028",12,"https://data.cdc.gov/api/views/7b9s-s8ck/rows.xml?accessType=DOWNLOAD","6337078553",NULL,False,"2025-08-11 14:01:45.654704","2025-11-06 13:28:44.068602"
"28","19526","119014",9,"https://data.cdc.gov/api/views/2m93-xvra/rows.csv?accessType=DOWNLOAD","579084",NULL,False,"2025-08-11 14:01:45.654704","2025-11-07 12:51:31.813155"
"25","19526","119015",9,"https://data.cdc.gov/api/views/2m93-xvra/rows.rdf?accessType=DOWNLOAD","445059",NULL,False,"2025-08-11 14:01:45.654704","2025-11-07 12:51:33.847371"
"27","19526","119016",9,"https://data.cdc.gov/api/views/2m93-xvra/rows.json?accessType=DOWNLOAD","1049711",NULL,False,"2025-08-11 14:01:45.654704","2025-11-07 12:51:36.041094"
"32","19524","119006",10,"https://data.cdc.gov/api/views/bi63-dtpu/rows.csv?accessType=DOWNLOAD","842709",NULL,False,"2025-08-11 14:01:45.654704","2025-11-07 12:51:40.36128"
"29","19524","119007",10,"https://data.cdc.gov/api/views/bi63-dtpu/rows.rdf?accessType=DOWNLOAD","244103",NULL,False,"2025-08-11 14:01:45.654704","2025-11-07 12:51:42.285278"
"31","19524","119008",10,"https://data.cdc.gov/api/views/bi63-dtpu/rows.json?accessType=DOWNLOAD","2279126",NULL,False,"2025-08-11 14:01:45.654704","2025-11-07 12:51:44.765462"
"30","19524","119009",10,"https://data.cdc.gov/api/views/bi63-dtpu/rows.xml?accessType=DOWNLOAD","3845205",NULL,False,"2025-08-11 14:01:45.654704","2025-11-07 12:51:47.118186"
"165","3820","23223",77,"https://data.openei.org/files/6179/FSEC_Regional_Test_BaseLine_data.csv","1729247441",NULL,False,"2025-08-11 14:01:45.654704","2025-11-06 15:51:47.682128"
"164","3820","23224",77,"https://data.openei.org/files/6179/FPV_metafile_mm.xlsx","37730",NULL,False,"2025-08-11 14:01:45.654704","2025-11-06 15:52:05.068884"
"163","3820","23225",77,"https://data.openei.org/files/6179/README%20%281%29.txt","4396",NULL,False,"2025-08-11 14:01:45.654704","2025-11-06 15:52:06.31102"
"177","3827","23258",80,"https://data.openei.org/files/8378/AnonDB.csv","254907",NULL,False,"2025-08-11 14:01:45.654704","2025-11-06 15:52:07.974632"
"178","3827","23259",80,"https://data.openei.org/files/8378/IV.zip","17553299",NULL,False,"2025-08-11 14:01:45.654704","2025-11-06 15:52:11.790831"
"179","3827","23260",80,"https://data.openei.org/files/8378/EL.zip","17889622433",NULL,False,"2025-08-11 14:01:45.654704","2025-11-06 16:40:58.112268"
"176","3827","23261",80,"https://data.openei.org/files/8378/RefIV.zip","17556977",NULL,False,"2025-08-11 14:01:45.654704","2025-11-06 16:41:01.514724"
"180","3827","23262",80,"https://data.openei.org/files/8378/AnonDB_descriptions.xlsx","11047",NULL,False,"2025-08-11 14:01:45.654704","2025-11-06 16:41:02.362958"
"182","13009","104373",81,"https://pasteur.epa.gov/uploads/10.23719/1529835/Metadata_Brehob_ChlaRF.xlsx","13488",NULL,False,"2025-08-11 14:01:45.654704","2025-11-06 16:41:09.945629"
"181","13009","104374",81,"https://pasteur.epa.gov/uploads/10.23719/1529835/Data_Dictionary_Brehob_ChlaRF.xlsx","17729",NULL,False,"2025-08-11 14:01:45.654704","2025-11-06 16:41:10.733176"
"185","13009","104375",81,"https://pasteur.epa.gov/uploads/10.23719/1529835/CatchmentPredictions.csv","2356897254",NULL,False,"2025-08-11 14:01:45.654704","2025-11-06 16:41:11.383133"
"184","13009","104376",81,"https://pasteur.epa.gov/uploads/10.23719/1529835/WatershedPredictions.csv","35114146",NULL,False,"2025-08-11 14:01:45.654704","2025-11-06 16:41:16.250549"
"187","3992","24321",82,"https://gdr.openei.org/files/540/Island_boundaries.shp","1415320",NULL,False,"2025-08-11 14:01:45.654704","2025-11-06 16:41:18.730814"
"192","3992","24327",82,"https://gdr.openei.org/files/540/Island_boundaries.shp.xml","8521",NULL,False,"2025-08-11 14:01:45.654704","2025-11-06 16:41:23.504362"
"193","3829","23267",86,"https://www.eia.gov/naturalgas/crudeoilreserves/excel/reserves_tables_2018.xlsx","61977",NULL,False,"2025-08-11 14:01:45.654704","2025-11-06 16:41:33.53328"
"194","19541","119057",88,"https://data.cdc.gov/api/views/r8kw-7aab/rows.csv?accessType=DOWNLOAD","3514073",NULL,False,"2025-08-11 14:01:45.654704","2025-11-06 16:41:35.762843"
"197","19541","119058",88,"https://data.cdc.gov/api/views/r8kw-7aab/rows.rdf?accessType=DOWNLOAD","531078",NULL,False,"2025-08-11 14:01:45.654704","2025-11-06 16:41:36.736075"
"196","19541","119059",88,"https://data.cdc.gov/api/views/r8kw-7aab/rows.json?accessType=DOWNLOAD","7731698",NULL,False,"2025-08-11 14:01:45.654704","2025-11-06 16:41:38.503552"
"203","152848","1446787",92,"http://www.ams.usda.gov/sites/default/files/media/GTRTable15.xlsx","2522118",NULL,False,"2025-08-11 14:01:45.654704","2025-11-06 16:42:44.008234"
"205","19567","119178",94,"https://data.cdc.gov/api/views/jiwm-ppbh/rows.rdf?accessType=DOWNLOAD","607433",NULL,False,"2025-08-11 14:01:45.654704","2025-11-06 16:42:49.026194"
"208","19567","119179",94,"https://data.cdc.gov/api/views/jiwm-ppbh/rows.json?accessType=DOWNLOAD","25127335",NULL,False,"2025-08-11 14:01:45.654704","2025-11-06 16:42:51.566667"
"209","13007","104365",96,"https://dmap-data-commons-ord.s3.amazonaws.com/useeior/US_detail_import_factors_ceda_2022_17sch.csv","178987",NULL,False,"2025-08-11 14:01:45.654704","2025-11-06 16:42:57.475383"
"212","13007","104366",96,"https://dmap-data-commons-ord.s3.amazonaws.com/useeior/US_summary_import_factors_ceda_2022_17sch.csv","25170",NULL,False,"2025-08-11 14:01:45.654704","2025-11-06 16:42:58.347968"
"211","13007","104367",96,"https://pasteur.epa.gov/uploads/10.23719/1531906/USEEIOv2.4-oriole-22.xlsx","635908",NULL,False,"2025-08-11 14:01:45.654704","2025-11-06 16:43:00.143563"
"210","13007","104368",96,"https://pasteur.epa.gov/uploads/10.23719/1531906/USEEIOv2.4-catbird-22.xlsx","10154903",NULL,False,"2025-08-11 14:01:45.654704","2025-11-06 16:43:04.186275"
"222","19623","119529",99,"https://data.cdc.gov/api/views/bwx3-gx66/rows.csv?accessType=DOWNLOAD","1073758208",NULL,False,"2025-08-11 14:01:45.654704","2025-11-06 16:45:02.465814"
"224","19623","119530",99,"https://data.cdc.gov/api/views/bwx3-gx66/rows.rdf?accessType=DOWNLOAD","926899",NULL,False,"2025-08-11 14:01:45.654704","2025-11-06 16:45:03.958758"
"221","19623","119531",99,"https://data.cdc.gov/api/views/bwx3-gx66/rows.json?accessType=DOWNLOAD","1073758208",NULL,False,"2025-08-11 14:01:45.654704","2025-11-06 16:46:14.407622"
"223","19623","119532",99,"https://data.cdc.gov/api/views/bwx3-gx66/rows.xml?accessType=DOWNLOAD","1073758208",NULL,False,"2025-08-11 14:01:45.654704","2025-11-06 16:47:55.921839"
"215","19530","119030",97,"https://data.cdc.gov/api/views/k62p-6esq/rows.rdf?accessType=DOWNLOAD","834803",NULL,False,"2025-08-11 14:01:45.654704","2025-11-06 16:49:47.263464"
"214","19530","119031",97,"https://data.cdc.gov/api/views/k62p-6esq/rows.json?accessType=DOWNLOAD","422777448",NULL,False,"2025-08-11 14:01:45.654704","2025-11-06 16:52:59.075547"
"213","19530","119032",97,"https://data.cdc.gov/api/views/k62p-6esq/rows.xml?accessType=DOWNLOAD","1004063858",NULL,False,"2025-08-11 14:01:45.654704","2025-11-06 16:56:37.015085"
"219","19555","119122",98,"https://data.cdc.gov/api/views/e6fc-ccez/rows.csv?accessType=DOWNLOAD","2625",NULL,False,"2025-08-11 14:01:45.654704","2025-11-06 16:56:38.444664"
"218","19555","119123",98,"https://data.cdc.gov/api/views/e6fc-ccez/rows.rdf?accessType=DOWNLOAD","47474",NULL,False,"2025-08-11 14:01:45.654704","2025-11-06 16:56:39.448483"
"220","19555","119124",98,"https://data.cdc.gov/api/views/e6fc-ccez/rows.json?accessType=DOWNLOAD","32331",NULL,False,"2025-08-11 14:01:45.654704","2025-11-06 16:56:40.797807"
"217","19555","119125",98,"https://data.cdc.gov/api/views/e6fc-ccez/rows.xml?accessType=DOWNLOAD","34389",NULL,False,"2025-08-11 14:01:45.654704","2025-11-06 16:56:41.924841"
"225","19559","119155",102,"https://data.cdc.gov/api/views/25m4-6qqq/rows.csv?accessType=DOWNLOAD","12343292",NULL,False,"2025-08-11 14:01:45.654704","2025-11-06 16:56:43.943158"
"226","19559","119157",102,"https://data.cdc.gov/api/views/25m4-6qqq/rows.json?accessType=DOWNLOAD","15834166",NULL,False,"2025-08-11 14:01:45.654704","2025-11-06 16:56:50.641196"
"227","19559","119158",102,"https://data.cdc.gov/api/views/25m4-6qqq/rows.xml?accessType=DOWNLOAD","22027600",NULL,False,"2025-08-11 14:01:45.654704","2025-11-06 16:56:53.195024"
"233","13027","104425",112,"https://pasteur.epa.gov/uploads/10.23719/1503092/XRD.zip","1361160",NULL,False,"2025-08-11 14:01:45.654704","2025-11-06 16:56:59.522595"
"237","19702","119917",113,"https://data.cdc.gov/api/views/9dzk-mvmi/rows.csv?accessType=DOWNLOAD","9152",NULL,False,"2025-08-11 14:01:45.654704","2025-11-06 16:57:00.966737"
"236","19702","119918",113,"https://data.cdc.gov/api/views/9dzk-mvmi/rows.rdf?accessType=DOWNLOAD","80487",NULL,False,"2025-08-11 14:01:45.654704","2025-11-06 16:57:02.010816"
"234","19702","119919",113,"https://data.cdc.gov/api/views/9dzk-mvmi/rows.json?accessType=DOWNLOAD","79015",NULL,False,"2025-08-11 14:01:45.654704","2025-11-06 16:57:03.107336"
"235","19702","119920",113,"https://data.cdc.gov/api/views/9dzk-mvmi/rows.xml?accessType=DOWNLOAD","63696",NULL,False,"2025-08-11 14:01:45.654704","2025-11-06 16:57:04.43234"
"238","19725","120102",114,"https://data.cdc.gov/api/views/rsk5-566a/rows.rdf?accessType=DOWNLOAD","547805",NULL,False,"2025-08-11 14:01:45.654704","2025-11-06 16:57:10.051022"
"241","19725","120103",114,"https://data.cdc.gov/api/views/rsk5-566a/rows.json?accessType=DOWNLOAD","40305936",NULL,False,"2025-08-11 14:01:45.654704","2025-11-06 16:57:26.157298"
"239","19725","120104",114,"https://data.cdc.gov/api/views/rsk5-566a/rows.xml?accessType=DOWNLOAD","89177615",NULL,False,"2025-08-11 14:01:45.654704","2025-11-06 16:57:32.379659"
"244","13020","104397",116,"https://pasteur.epa.gov/uploads/10.23719/1503175/Surface_Temperatures_standardized_FINAL.xlsx","4747083",NULL,False,"2025-08-11 14:01:45.654704","2025-11-06 16:57:36.051914"
"245","13020","104398",116,"https://pasteur.epa.gov/uploads/10.23719/1503175/Deep_Temperatures_standardized_FINAL.xlsx","7946317",NULL,False,"2025-08-11 14:01:45.654704","2025-11-06 16:57:43.875062"
"246","13020","104399",116,"https://pasteur.epa.gov/uploads/10.23719/1503175/Deep_DO_standardized_FINAL.xlsx","8398314",NULL,False,"2025-08-11 14:01:45.654704","2025-11-06 16:57:55.975682"
"247","13020","104400",116,"https://pasteur.epa.gov/uploads/10.23719/1503175/GAM_for_nonstratifying_reservoirs.xlsx","21840",NULL,False,"2025-08-11 14:01:45.654704","2025-11-06 16:57:57.099915"
"249","13020","104402",116,"https://pasteur.epa.gov/uploads/10.23719/1503175/Reservoir_information.xlsx","13309",NULL,False,"2025-08-11 14:01:45.654704","2025-11-06 16:57:59.26868"
"250","13020","104403",116,"https://pasteur.epa.gov/uploads/10.23719/1503175/NLCD_watershed_land_cover.xlsx","35887",NULL,False,"2025-08-11 14:01:45.654704","2025-11-06 16:58:00.407273"
"251","13020","104404",116,"https://pasteur.epa.gov/uploads/10.23719/1503175/Cyanobacteria_data.xlsx","2690236",NULL,False,"2025-08-11 14:01:45.654704","2025-11-06 16:58:03.920809"
"252","13020","104405",116,"https://pasteur.epa.gov/uploads/10.23719/1503175/Cyanotoxin_taxa_data.xlsx","2723682",NULL,False,"2025-08-11 14:01:45.654704","2025-11-06 16:58:07.676164"
"253","13020","104406",116,"https://pasteur.epa.gov/uploads/10.23719/1503175/Water_temp_DO_data_FINAL.xlsx","202403",NULL,False,"2025-08-11 14:01:45.654704","2025-11-06 16:58:09.163795"
"254","13020","104407",116,"https://pasteur.epa.gov/uploads/10.23719/1503175/Nutrient_trend_data.xlsx","178579",NULL,False,"2025-08-11 14:01:45.654704","2025-11-06 16:58:10.547281"
"255","13020","104408",116,"https://pasteur.epa.gov/uploads/10.23719/1503175/CyanoMaxCD_environmental_vars_FINAL.xlsx","188548",NULL,False,"2025-08-11 14:01:45.654704","2025-11-06 16:58:11.934865"
"243","13020","104409",116,"https://pasteur.epa.gov/uploads/10.23719/1503175/Means_of_reservoir_nutrients.xlsx","23952",NULL,False,"2025-08-11 14:01:45.654704","2025-11-06 16:58:13.123118"
"242","19747","120186",115,"http://www.accessdata.fda.gov/premarket/ftparea/foiclass.zip","405548",NULL,False,"2025-08-11 14:01:45.654704","2025-11-06 16:58:14.660568"
"259","3919","23884",151,"https://www.netl.doe.gov/File%20Library/Research/Carbon%20Seq/CCSprojects-Version-5-2015.zip","57849",NULL,False,"2025-08-11 14:01:45.654704","2025-11-06 16:58:19.86427"
"265","3815","23170",153,"https://data.openei.org/files/8397/county_fips_codes%20%281%29.tif","65685182",NULL,False,"2025-08-11 14:01:45.654704","2025-11-06 16:58:29.771005"
"264","3815","23171",153,"https://transition.fcc.gov/oet/info/maps/census/fips/fips.txt","104494",NULL,False,"2025-08-11 14:01:45.654704","2025-11-06 16:58:31.441457"
"262","19607","119465",152,"https://data.cdc.gov/api/views/h7xa-837u/rows.csv?accessType=DOWNLOAD","764002",NULL,False,"2025-08-11 14:01:45.654704","2025-11-06 16:58:33.40285"
"261","19607","119466",152,"https://data.cdc.gov/api/views/h7xa-837u/rows.rdf?accessType=DOWNLOAD","490072",NULL,False,"2025-08-11 14:01:45.654704","2025-11-06 16:58:35.107137"
"260","19607","119468",152,"https://data.cdc.gov/api/views/h7xa-837u/rows.xml?accessType=DOWNLOAD","2509310",NULL,False,"2025-08-11 14:01:45.654704","2025-11-06 16:58:39.109579"
"266","13037","104449",154,"https://pasteur.epa.gov/uploads/10.23719/1529936/Food_Waste_national_2018_m2_v1.3.2_9b1bb41.csv","1535953",NULL,False,"2025-08-11 14:01:45.654704","2025-11-06 16:58:41.358777"
"267","13037","104450",154,"https://pasteur.epa.gov/uploads/10.23719/1529936/Food_Waste_national_2018_m1_v1.3.2_9b1bb41.csv","217063",NULL,False,"2025-08-11 14:01:45.654704","2025-11-06 16:58:42.607367"
"271","19587","119315",155,"https://data.cdc.gov/api/views/735e-byxc/rows.csv?accessType=DOWNLOAD","4536516",NULL,False,"2025-08-11 14:01:45.654704","2025-11-06 16:58:44.883844"
"270","19587","119316",155,"https://data.cdc.gov/api/views/735e-byxc/rows.rdf?accessType=DOWNLOAD","923541",NULL,False,"2025-08-11 14:01:45.654704","2025-11-06 16:58:46.334554"
"269","19587","119317",155,"https://data.cdc.gov/api/views/735e-byxc/rows.json?accessType=DOWNLOAD","8465077",NULL,False,"2025-08-11 14:01:45.654704","2025-11-06 16:58:51.497539"
"268","19587","119318",155,"https://data.cdc.gov/api/views/735e-byxc/rows.xml?accessType=DOWNLOAD","17746769",NULL,False,"2025-08-11 14:01:45.654704","2025-11-06 16:58:53.945354"
"274","13181","104826",157,"https://pasteur.epa.gov/uploads/10.23719/1500450/water_data.xlsx","12711",NULL,False,"2025-08-11 14:01:45.654704","2025-11-06 16:58:56.54809"
"272","13019","104396",156,"https://pasteur.epa.gov/uploads/10.23719/1369615/USEEIOv1.1_Matrices.xlsx","19580387",NULL,False,"2025-08-11 14:01:45.654704","2025-11-06 16:59:02.293592"
"276","13031","104440",159,"https://pasteur.epa.gov/uploads/10.23719/1529805/GHGs_by_Sector_and_State_2012-2020.xlsx","15300182",NULL,False,"2025-08-11 14:01:45.654704","2025-11-06 16:59:05.539688"
"278","13031","104441",159,"https://pasteur.epa.gov/uploads/10.23719/1529805/GHGs_by_Detailed_Sector_US_2012-2020.xlsx","1065693",NULL,False,"2025-08-11 14:01:45.654704","2025-11-06 16:59:07.212161"
"277","13031","104442",159,"https://pasteur.epa.gov/uploads/10.23719/1529805/GHGs_by_Aggregate_Sector_US_2012-2020.xlsx","284295",NULL,False,"2025-08-11 14:01:45.654704","2025-11-06 16:59:11.606388"
"285","19579","119289",162,"https://data.cdc.gov/api/views/vbim-akqf/rows.csv?accessType=DOWNLOAD","1073758208",NULL,False,"2025-08-11 14:01:45.654704","2025-11-06 17:03:03.057858"
"284","19579","119290",162,"https://data.cdc.gov/api/views/vbim-akqf/rows.rdf?accessType=DOWNLOAD","401711",NULL,False,"2025-08-11 14:01:45.654704","2025-11-06 17:03:05.075707"
"286","19579","119291",162,"https://data.cdc.gov/api/views/vbim-akqf/rows.json?accessType=DOWNLOAD","1073758208",NULL,False,"2025-08-11 14:01:45.654704","2025-11-06 17:04:42.799437"
"283","19579","119292",162,"https://data.cdc.gov/api/views/vbim-akqf/rows.xml?accessType=DOWNLOAD","1073758208",NULL,False,"2025-08-11 14:01:45.654704","2025-11-06 17:09:35.483907"
"295","153517","1449035",179,"http://www.fsa.usda.gov/Internet/FSA_File/hist_stks.xls","81408",NULL,False,"2025-08-11 14:01:45.654704","2025-11-06 17:09:43.054563"
"297","19581","119296",180,"https://data.cdc.gov/api/views/swc5-untb/rows.csv?accessType=DOWNLOAD","56159701",NULL,False,"2025-08-11 14:01:45.654704","2025-11-06 17:09:56.738992"
"298","19581","119297",180,"https://data.cdc.gov/api/views/swc5-untb/rows.rdf?accessType=DOWNLOAD","684895",NULL,False,"2025-08-11 14:01:45.654704","2025-11-06 17:09:57.957171"
"296","19581","119298",180,"https://data.cdc.gov/api/views/swc5-untb/rows.json?accessType=DOWNLOAD","103544723",NULL,False,"2025-08-11 14:01:45.654704","2025-11-06 17:10:21.732206"
"299","19581","119299",180,"https://data.cdc.gov/api/views/swc5-untb/rows.xml?accessType=DOWNLOAD","231762237",NULL,False,"2025-08-11 14:01:45.654704","2025-11-06 17:11:32.439794"
"292","19633","119554",178,"https://data.cdc.gov/api/views/dttw-5yxu/rows.csv?accessType=DOWNLOAD","913377528",NULL,False,"2025-08-11 14:01:45.654704","2025-11-06 17:13:45.69467"
"294","19633","119556",178,"https://data.cdc.gov/api/views/dttw-5yxu/rows.json?accessType=DOWNLOAD","1073758208",NULL,False,"2025-08-11 14:01:45.654704","2025-11-06 17:14:50.581716"
"291","19633","119557",178,"https://data.cdc.gov/api/views/dttw-5yxu/rows.xml?accessType=DOWNLOAD","1073758208",NULL,False,"2025-08-11 14:01:45.654704","2025-11-06 17:19:47.884799"
"305","152809","1446593",185,"http://www.ams.usda.gov/sites/default/files/media/Brazil_Qtr2_Table_5.xlsx","15355",NULL,False,"2025-08-11 14:01:45.654704","2025-11-06 17:19:48.758555"
"301","19629","119544",183,"https://data.cdc.gov/api/views/xkb8-kh2a/rows.csv?accessType=DOWNLOAD","14380297",NULL,False,"2025-08-11 14:01:45.654704","2025-11-06 17:19:51.800788"
"302","19629","119545",183,"https://data.cdc.gov/api/views/xkb8-kh2a/rows.rdf?accessType=DOWNLOAD","410285",NULL,False,"2025-08-11 14:01:45.654704","2025-11-06 17:19:52.786861"
"303","19629","119546",183,"https://data.cdc.gov/api/views/xkb8-kh2a/rows.json?accessType=DOWNLOAD","26080515",NULL,False,"2025-08-11 14:01:45.654704","2025-11-06 17:20:11.946866"
"300","19629","119547",183,"https://data.cdc.gov/api/views/xkb8-kh2a/rows.xml?accessType=DOWNLOAD","50350024",NULL,False,"2025-08-11 14:01:45.654704","2025-11-06 17:20:15.477754"
"306","19558","119153",186,"https://data.cdc.gov/api/views/hgyx-uuxz/rows.json?accessType=DOWNLOAD","22465888",NULL,False,"2025-08-11 14:01:45.654704","2025-11-06 17:20:37.778214"
"308","19558","119154",186,"https://data.cdc.gov/api/views/hgyx-uuxz/rows.xml?accessType=DOWNLOAD","52656726",NULL,False,"2025-08-11 14:01:45.654704","2025-11-06 17:20:41.072327"
"314","13157","104780",189,"https://pasteur.epa.gov/uploads/10.23719/1518467/README.txt","3988",NULL,False,"2025-08-11 14:01:45.654704","2025-11-06 17:20:44.160946"
"319","13157","104781",189,"https://pasteur.epa.gov/uploads/10.23719/1518467/grid.csv","801702",NULL,False,"2025-08-11 14:01:45.654704","2025-11-06 17:20:45.639144"
"316","13157","104782",189,"https://pasteur.epa.gov/uploads/10.23719/1518467/cm3_t2mean_pm.csv","4362492",NULL,False,"2025-08-11 14:01:45.654704","2025-11-06 17:20:47.233874"
"315","13157","104783",189,"https://pasteur.epa.gov/uploads/10.23719/1518467/cm3_t2max_o3.csv","4362323",NULL,False,"2025-08-11 14:01:45.654704","2025-11-06 17:20:49.232174"
"318","13157","104784",189,"https://pasteur.epa.gov/uploads/10.23719/1518467/cesm_t2mean_pm.csv","4362262",NULL,False,"2025-08-11 14:01:45.654704","2025-11-06 17:20:51.935606"
"311","19693","119873",188,"https://data.cdc.gov/api/views/65mz-jvh5/rows.csv?accessType=DOWNLOAD","523462",NULL,False,"2025-08-11 14:01:45.654704","2025-11-06 17:20:56.897567"
"310","19693","119874",188,"https://data.cdc.gov/api/views/65mz-jvh5/rows.rdf?accessType=DOWNLOAD","839922",NULL,False,"2025-08-11 14:01:45.654704","2025-11-06 17:20:58.078388"
"313","19693","119875",188,"https://data.cdc.gov/api/views/65mz-jvh5/rows.json?accessType=DOWNLOAD","1375349",NULL,False,"2025-08-11 14:01:45.654704","2025-11-06 17:21:00.55355"
"312","19693","119876",188,"https://data.cdc.gov/api/views/65mz-jvh5/rows.xml?accessType=DOWNLOAD","5322273",NULL,False,"2025-08-11 14:01:45.654704","2025-11-06 17:21:04.084774"
"321","3832","23294",191,"https://www.eia.gov/electricity/data/state/avgprice_annual.xlsx","253341",NULL,False,"2025-08-11 14:01:45.654704","2025-11-06 17:21:15.145108"
"320","13058","104508",190,"https://pasteur.epa.gov/uploads/10.23719/1504232/Arsenic_Cancer_Final_2020Sept2.csv","153292",NULL,False,"2025-08-11 14:01:45.654704","2025-11-06 17:21:16.572431"
"333","19606","119462",200,"https://data.cdc.gov/api/views/twtn-mxqy/rows.rdf?accessType=DOWNLOAD","816897",NULL,False,"2025-08-11 14:01:45.654704","2025-11-06 17:21:41.199534"
"335","19606","119463",200,"https://data.cdc.gov/api/views/twtn-mxqy/rows.json?accessType=DOWNLOAD","32213556",NULL,False,"2025-08-11 14:01:45.654704","2025-11-06 17:21:45.201435"
"334","19606","119464",200,"https://data.cdc.gov/api/views/twtn-mxqy/rows.xml?accessType=DOWNLOAD","50788354",NULL,False,"2025-08-11 14:01:45.654704","2025-11-06 17:21:48.703692"
"328","19621","119517",198,"https://data.cdc.gov/api/views/gsea-w83j/rows.csv?accessType=DOWNLOAD","3596485",NULL,False,"2025-08-11 14:01:45.654704","2025-11-06 17:21:50.329204"
"329","19621","119518",198,"https://data.cdc.gov/api/views/gsea-w83j/rows.rdf?accessType=DOWNLOAD","479047",NULL,False,"2025-08-11 14:01:45.654704","2025-11-06 17:21:51.373154"
"330","19621","119519",198,"https://data.cdc.gov/api/views/gsea-w83j/rows.json?accessType=DOWNLOAD","6978532",NULL,False,"2025-08-11 14:01:45.654704","2025-11-06 17:21:53.151124"
"327","19621","119520",198,"https://data.cdc.gov/api/views/gsea-w83j/rows.xml?accessType=DOWNLOAD","13604678",NULL,False,"2025-08-11 14:01:45.654704","2025-11-06 17:21:55.149891"
"331","19573","119260",199,"https://download.medicaid.gov/data/SDUD-2024.csv","494311575",NULL,False,"2025-08-11 14:01:45.654704","2025-11-06 17:22:34.027198"
"336","152941","1447107",266,"http://www.ams.usda.gov/sites/default/files/media/BrazilSoybeanTable8.xlsx","40575",NULL,False,"2025-08-11 14:01:45.654704","2025-11-06 17:22:39.000939"
"340","19714","119997",267,"https://data.cdc.gov/api/views/gxj9-t96f/rows.csv?accessType=DOWNLOAD","339161",NULL,False,"2025-08-11 14:01:45.654704","2025-11-06 17:22:41.171762"
"337","19714","119998",267,"https://data.cdc.gov/api/views/gxj9-t96f/rows.rdf?accessType=DOWNLOAD","291102",NULL,False,"2025-08-11 14:01:45.654704","2025-11-06 17:22:42.475955"
"339","19714","119999",267,"https://data.cdc.gov/api/views/gxj9-t96f/rows.json?accessType=DOWNLOAD","1028331",NULL,False,"2025-08-11 14:01:45.654704","2025-11-06 17:22:44.865305"
"338","19714","120000",267,"https://data.cdc.gov/api/views/gxj9-t96f/rows.xml?accessType=DOWNLOAD","2415255",NULL,False,"2025-08-11 14:01:45.654704","2025-11-06 17:22:46.38063"
"343","19574","119261",269,"https://data.cdc.gov/api/views/nt65-c7a7/rows.csv?accessType=DOWNLOAD","12168637",NULL,False,"2025-08-11 14:01:45.654704","2025-11-06 17:23:10.787643"
"344","19574","119262",269,"https://data.cdc.gov/api/views/nt65-c7a7/rows.rdf?accessType=DOWNLOAD","512672",NULL,False,"2025-08-11 14:01:45.654704","2025-11-06 17:23:12.42583"
"341","19574","119263",269,"https://data.cdc.gov/api/views/nt65-c7a7/rows.json?accessType=DOWNLOAD","30440358",NULL,False,"2025-08-11 14:01:45.654704","2025-11-06 17:23:18.409849"
"351","21924","128705",280,"https://c3.nasa.gov/dashlink/static/media/dataset/BNandADAPTv18.pdf","744723",NULL,False,"2025-08-11 14:01:45.654704","2025-11-06 17:23:26.501658"
"352","21924","128706",280,"https://c3.nasa.gov/dashlink/static/media/dataset/AdaptHTMLdiagrams.zip","269484",NULL,False,"2025-08-11 14:01:45.654704","2025-11-06 17:23:27.922487"
"350","21924","128707",280,"https://c3.nasa.gov/dashlink/static/media/dataset/dataset_text.zip","234841",NULL,False,"2025-08-11 14:01:45.654704","2025-11-06 17:23:29.544335"
"353","21924","128708",280,"https://c3.nasa.gov/dashlink/static/media/dataset/dataset_matlab.zip","261313",NULL,False,"2025-08-11 14:01:45.654704","2025-11-06 17:23:31.334519"
"354","21924","128709",280,"https://c3.nasa.gov/dashlink/static/media/dataset/Experiment_Log.xls","23040",NULL,False,"2025-08-11 14:01:45.654704","2025-11-06 17:23:32.608244"
"355","19772","120895",287,"https://data.cdc.gov/api/views/vh55-3he6/rows.csv?accessType=DOWNLOAD","24183421",NULL,False,"2025-08-11 14:01:45.654704","2025-11-06 17:23:40.444915"
"358","19772","120896",287,"https://data.cdc.gov/api/views/vh55-3he6/rows.rdf?accessType=DOWNLOAD","376584",NULL,False,"2025-08-11 14:01:45.654704","2025-11-06 17:23:41.808506"
"356","19772","120898",287,"https://data.cdc.gov/api/views/vh55-3he6/rows.xml?accessType=DOWNLOAD","121330258",NULL,False,"2025-08-11 14:01:45.654704","2025-11-06 17:24:12.868498"
"359","19588","119319",288,"https://data.cdc.gov/api/views/tdbk-8ubw/rows.csv?accessType=DOWNLOAD","3333978",NULL,False,"2025-08-11 14:01:45.654704","2025-11-06 17:25:15.166814"
"385","19599","119374",336,"https://data.cdc.gov/api/views/yjkw-uj5s/rows.json?accessType=DOWNLOAD","95684347",NULL,False,"2025-08-11 14:01:45.654704","2025-11-07 12:39:49.20152"
"369","19615","119509",290,"https://data.cdc.gov/api/views/xt86-xqxz/rows.rdf?accessType=DOWNLOAD","436798",NULL,False,"2025-08-11 14:01:45.654704","2025-11-06 17:24:17.788211"
"368","19615","119510",290,"https://data.cdc.gov/api/views/xt86-xqxz/rows.json?accessType=DOWNLOAD","1428968",NULL,False,"2025-08-11 14:01:45.654704","2025-11-06 17:24:19.39121"
"370","19615","119511",290,"https://data.cdc.gov/api/views/xt86-xqxz/rows.xml?accessType=DOWNLOAD","2384203",NULL,False,"2025-08-11 14:01:45.654704","2025-11-06 17:24:21.002224"
"365","19713","119994",289,"https://data.cdc.gov/api/views/fhky-rtsk/rows.rdf?accessType=DOWNLOAD","354550",NULL,False,"2025-08-11 14:01:45.654704","2025-11-06 17:24:45.801068"
"363","19713","119995",289,"https://data.cdc.gov/api/views/fhky-rtsk/rows.json?accessType=DOWNLOAD","30414969",NULL,False,"2025-08-11 14:01:45.654704","2025-11-06 17:24:50.933603"
"364","19713","119996",289,"https://data.cdc.gov/api/views/fhky-rtsk/rows.xml?accessType=DOWNLOAD","67321276",NULL,False,"2025-08-11 14:01:45.654704","2025-11-06 17:25:10.774755"
"362","19588","119320",288,"https://data.cdc.gov/api/views/tdbk-8ubw/rows.rdf?accessType=DOWNLOAD","901030",NULL,False,"2025-08-11 14:01:45.654704","2025-11-06 17:25:16.770529"
"360","19588","119321",288,"https://data.cdc.gov/api/views/tdbk-8ubw/rows.json?accessType=DOWNLOAD","5780692",NULL,False,"2025-08-11 14:01:45.654704","2025-11-06 17:25:19.46314"
"361","19588","119322",288,"https://data.cdc.gov/api/views/tdbk-8ubw/rows.xml?accessType=DOWNLOAD","13713454",NULL,False,"2025-08-11 14:01:45.654704","2025-11-06 17:25:24.17861"
"383","19599","119372",336,"https://data.cdc.gov/api/views/yjkw-uj5s/rows.csv?accessType=DOWNLOAD","69493329",NULL,False,"2025-08-11 14:01:45.654704","2025-11-07 12:39:35.230694"
"384","19599","119373",336,"https://data.cdc.gov/api/views/yjkw-uj5s/rows.rdf?accessType=DOWNLOAD","2658056",NULL,False,"2025-08-11 14:01:45.654704","2025-11-07 12:39:37.050453"
"382","19599","119375",336,"https://data.cdc.gov/api/views/yjkw-uj5s/rows.xml?accessType=DOWNLOAD","340694673",NULL,False,"2025-08-11 14:01:45.654704","2025-11-07 12:40:05.678991"
"381","19686","119850",335,"https://data.cdc.gov/api/views/em5e-5hvn/rows.csv?accessType=DOWNLOAD","647748832",NULL,False,"2025-08-11 14:01:45.654704","2025-11-07 12:41:39.479264"
"379","19686","119851",335,"https://data.cdc.gov/api/views/em5e-5hvn/rows.rdf?accessType=DOWNLOAD","638660",NULL,False,"2025-08-11 14:01:45.654704","2025-11-07 12:41:41.918535"
"378","19686","119852",335,"https://data.cdc.gov/api/views/em5e-5hvn/rows.json?accessType=DOWNLOAD","1073758208",NULL,False,"2025-08-11 14:01:45.654704","2025-11-07 12:43:10.67512"
"380","19686","119853",335,"https://data.cdc.gov/api/views/em5e-5hvn/rows.xml?accessType=DOWNLOAD","1073750910",NULL,False,"2025-08-11 14:01:45.654704","2025-11-07 12:44:09.91128"
"375","13251","105015",329,"https://edg.epa.gov/data/public/OECA/CAFO_Density.zip","998671",NULL,False,"2025-08-11 14:01:45.654704","2025-11-07 12:44:13.741191"
"373","19592","119347",327,"https://data.cdc.gov/api/views/ycxr-emue/rows.csv?accessType=DOWNLOAD","954352",NULL,False,"2025-08-11 14:01:45.654704","2025-11-07 12:44:15.780835"
"372","19592","119349",327,"https://data.cdc.gov/api/views/ycxr-emue/rows.json?accessType=DOWNLOAD","1989243",NULL,False,"2025-08-11 14:01:45.654704","2025-11-07 12:44:19.09385"
"371","19592","119350",327,"https://data.cdc.gov/api/views/ycxr-emue/rows.xml?accessType=DOWNLOAD","3909455",NULL,False,"2025-08-11 14:01:45.654704","2025-11-07 12:44:20.90537"
"387","19648","119700",341,"https://www.healthit.gov/sites/default/files/data/datasets/SKA_State_County_Data_2011-2013.csv","556",NULL,False,"2025-08-11 14:01:45.654704","2025-11-07 12:44:23.737546"
"392","152851","1446791",343,"http://www.ams.usda.gov/sites/default/files/media/GTRFigure8.xlsx","151761",NULL,False,"2025-08-11 14:01:45.654704","2025-11-07 12:44:25.303159"
"386","13023","104416",339,"https://pasteur.epa.gov/uploads/10.23719/1375574/USEEIOv1.1-JSONLD-foropenlca.zip","16753193",NULL,False,"2025-08-11 14:01:45.654704","2025-11-07 12:44:29.554223"
"390","19653","119708",342,"https://data.cdc.gov/api/views/ee48-w5t6/rows.csv?accessType=DOWNLOAD","2938787",NULL,False,"2025-08-11 14:01:45.654704","2025-11-07 12:44:32.162323"
"389","19653","119709",342,"https://data.cdc.gov/api/views/ee48-w5t6/rows.rdf?accessType=DOWNLOAD","360811",NULL,False,"2025-08-11 14:01:45.654704","2025-11-07 12:44:33.660655"
"388","19653","119710",342,"https://data.cdc.gov/api/views/ee48-w5t6/rows.json?accessType=DOWNLOAD","6970221",NULL,False,"2025-08-11 14:01:45.654704","2025-11-07 12:44:35.966403"
"398","19666","119791",368,"https://data.cdc.gov/api/views/8mrp-rmkw/rows.csv?accessType=DOWNLOAD","191492",NULL,False,"2025-08-11 14:01:45.654704","2025-11-07 12:44:40.418095"
"399","19666","119792",368,"https://data.cdc.gov/api/views/8mrp-rmkw/rows.rdf?accessType=DOWNLOAD","864902",NULL,False,"2025-08-11 14:01:45.654704","2025-11-07 12:44:42.123236"
"400","19666","119793",368,"https://data.cdc.gov/api/views/8mrp-rmkw/rows.json?accessType=DOWNLOAD","416485",NULL,False,"2025-08-11 14:01:45.654704","2025-11-07 12:44:43.671882"
"401","19666","119794",368,"https://data.cdc.gov/api/views/8mrp-rmkw/rows.xml?accessType=DOWNLOAD","847111",NULL,False,"2025-08-11 14:01:45.654704","2025-11-07 12:44:45.266947"
"394","19641","119659",367,"https://data.cdc.gov/api/views/jxu8-x79m/rows.csv?accessType=DOWNLOAD","4970879",NULL,False,"2025-08-11 14:01:45.654704","2025-11-07 12:44:47.605727"
"397","19641","119660",367,"https://data.cdc.gov/api/views/jxu8-x79m/rows.rdf?accessType=DOWNLOAD","362787",NULL,False,"2025-08-11 14:01:45.654704","2025-11-07 12:44:49.158427"
"396","19641","119661",367,"https://data.cdc.gov/api/views/jxu8-x79m/rows.json?accessType=DOWNLOAD","11861482",NULL,False,"2025-08-11 14:01:45.654704","2025-11-07 12:44:51.539641"
"408","19701","119913",373,"https://data.cdc.gov/api/views/vdpk-qzpr/rows.csv?accessType=DOWNLOAD","17763525",NULL,False,"2025-08-11 14:01:45.654704","2025-11-07 12:45:04.765932"
"407","19701","119914",373,"https://data.cdc.gov/api/views/vdpk-qzpr/rows.rdf?accessType=DOWNLOAD","426372",NULL,False,"2025-08-11 14:01:45.654704","2025-11-07 12:45:06.382648"
"410","19701","119915",373,"https://data.cdc.gov/api/views/vdpk-qzpr/rows.json?accessType=DOWNLOAD","49425072",NULL,False,"2025-08-11 14:01:45.654704","2025-11-07 12:45:13.629126"
"409","19701","119916",373,"https://data.cdc.gov/api/views/vdpk-qzpr/rows.xml?accessType=DOWNLOAD","131385996",NULL,False,"2025-08-11 14:01:45.654704","2025-11-07 12:45:20.926366"
"402","21875","128528",370,"http://asrs.arc.nasa.gov/docs/rpsts/upsets.pdf","657596",NULL,False,"2025-08-11 14:01:45.654704","2025-11-07 12:45:24.137897"
"393","19589","119323",366,"https://download.medicaid.gov/data/drugproducts1q_2025_Updated05072025.csv","289134524",NULL,False,"2025-08-11 14:01:45.654704","2025-11-07 12:45:59.054012"
"405","19562","119164",372,"https://data.cdc.gov/api/views/v6ab-adf5/rows.csv?accessType=DOWNLOAD","10251",NULL,False,"2025-08-11 14:01:45.654704","2025-11-07 12:46:00.905926"
"406","19562","119165",372,"https://data.cdc.gov/api/views/v6ab-adf5/rows.rdf?accessType=DOWNLOAD","172568",NULL,False,"2025-08-11 14:01:45.654704","2025-11-07 12:46:02.378178"
"404","19562","119167",372,"https://data.cdc.gov/api/views/v6ab-adf5/rows.xml?accessType=DOWNLOAD","122995",NULL,False,"2025-08-11 14:01:45.654704","2025-11-07 12:46:05.5313"
"411","19778","120970",376,"https://data.cdc.gov/api/views/5h56-n989/rows.json?accessType=DOWNLOAD","13798072",NULL,False,"2025-08-11 14:01:45.654704","2025-11-07 12:48:04.040206"
"416","19575","119266",377,"https://data.cdc.gov/api/views/q9mh-h2tw/rows.rdf?accessType=DOWNLOAD","26371738",NULL,False,"2025-08-11 14:01:45.654704","2025-11-07 12:46:39.357839"
"418","19575","119267",377,"https://data.cdc.gov/api/views/q9mh-h2tw/rows.json?accessType=DOWNLOAD","162404763",NULL,False,"2025-08-11 14:01:45.654704","2025-11-07 12:47:07.045419"
"415","19575","119268",377,"https://data.cdc.gov/api/views/q9mh-h2tw/rows.xml?accessType=DOWNLOAD","165047541",NULL,False,"2025-08-11 14:01:45.654704","2025-11-07 12:47:43.951118"
"424","13140","104752",381,"https://pasteur.epa.gov/uploads/10.23719/1532032/Garibaldi_EPA_Monitoring_2017_2023.xlsx","32242144",NULL,False,"2025-08-11 14:01:45.654704","2025-11-07 12:47:54.25071"
"419","19651","119706",378,"https://download.medicaid.gov/data/mdrp-newly-rprt-drug-04-28-2025-to-05-04-2025.csv","32829",NULL,False,"2025-08-11 14:01:45.654704","2025-11-07 12:47:56.264001"
"412","19778","120968",376,"https://data.cdc.gov/api/views/5h56-n989/rows.csv?accessType=DOWNLOAD","4310982",NULL,False,"2025-08-11 14:01:45.654704","2025-11-07 12:47:59.185571"
"414","19778","120969",376,"https://data.cdc.gov/api/views/5h56-n989/rows.rdf?accessType=DOWNLOAD","238740",NULL,False,"2025-08-11 14:01:45.654704","2025-11-07 12:48:00.929219"
"413","19778","120971",376,"https://data.cdc.gov/api/views/5h56-n989/rows.xml?accessType=DOWNLOAD","24663907",NULL,False,"2025-08-11 14:01:45.654704","2025-11-07 12:48:07.2737"
"423","19671","119811",380,"https://data.cdc.gov/api/views/dxpw-cm5u/rows.csv?accessType=DOWNLOAD","584635",NULL,False,"2025-08-11 14:01:45.654704","2025-11-07 12:48:09.648435"
"420","19671","119812",380,"https://data.cdc.gov/api/views/dxpw-cm5u/rows.rdf?accessType=DOWNLOAD","3300471",NULL,False,"2025-08-11 14:01:45.654704","2025-11-07 12:48:11.851409"
"421","19671","119814",380,"https://data.cdc.gov/api/views/dxpw-cm5u/rows.xml?accessType=DOWNLOAD","2623494",NULL,False,"2025-08-11 14:01:45.654704","2025-11-07 12:48:16.25084"
"426","13138","104744",383,"https://pasteur.epa.gov/uploads/10.23719/1530705/Tissue%20surface%20area.xlsx","17580",NULL,False,"2025-08-11 14:01:45.654704","2025-11-07 12:48:18.136319"
"431","13138","104745",383,"https://pasteur.epa.gov/uploads/10.23719/1530705/Total%20Alkalinity.xlsx","19465",NULL,False,"2025-08-11 14:01:45.654704","2025-11-07 12:48:19.745631"
"427","13138","104746",383,"https://pasteur.epa.gov/uploads/10.23719/1530705/Water_Quality.xlsx","16234",NULL,False,"2025-08-11 14:01:45.654704","2025-11-07 12:48:21.350181"
"428","13138","104747",383,"https://pasteur.epa.gov/uploads/10.23719/1530705/PAR.xlsx","13147",NULL,False,"2025-08-11 14:01:45.654704","2025-11-07 12:48:22.842241"
"429","13138","104748",383,"https://pasteur.epa.gov/uploads/10.23719/1530705/PAR%20NTU%20TSS.xlsx","17165",NULL,False,"2025-08-11 14:01:45.654704","2025-11-07 12:48:24.446336"
"430","13138","104749",383,"https://pasteur.epa.gov/uploads/10.23719/1530705/NTU.xlsx","18353",NULL,False,"2025-08-11 14:01:45.654704","2025-11-07 12:48:26.038702"
"433","19829","121398",384,"https://data.cdc.gov/api/views/mqmc-4b9n/rows.csv?accessType=DOWNLOAD","34841421",NULL,False,"2025-08-11 14:01:45.654704","2025-11-07 12:48:37.899753"
"432","19829","121399",384,"https://data.cdc.gov/api/views/mqmc-4b9n/rows.rdf?accessType=DOWNLOAD","631760",NULL,False,"2025-08-11 14:01:45.654704","2025-11-07 12:48:39.66308"
"434","19829","121400",384,"https://data.cdc.gov/api/views/mqmc-4b9n/rows.json?accessType=DOWNLOAD","65200650",NULL,False,"2025-08-11 14:01:45.654704","2025-11-07 12:48:52.631704"
"435","19829","121401",384,"https://data.cdc.gov/api/views/mqmc-4b9n/rows.xml?accessType=DOWNLOAD","148127961",NULL,False,"2025-08-11 14:01:45.654704","2025-11-07 12:49:06.66512"
"460","19683","119844",400,"https://data.cdc.gov/api/views/4yyu-3s69/rows.csv?accessType=DOWNLOAD","60867",NULL,False,"2025-08-11 14:01:45.654704","2025-11-07 12:49:08.438007"
"458","19683","119845",400,"https://data.cdc.gov/api/views/4yyu-3s69/rows.rdf?accessType=DOWNLOAD","375759",NULL,False,"2025-08-11 14:01:45.654704","2025-11-07 12:49:10.377719"
"461","19683","119846",400,"https://data.cdc.gov/api/views/4yyu-3s69/rows.json?accessType=DOWNLOAD","165686",NULL,False,"2025-08-11 14:01:45.654704","2025-11-07 12:49:12.758345"
"459","19683","119847",400,"https://data.cdc.gov/api/views/4yyu-3s69/rows.xml?accessType=DOWNLOAD","266271",NULL,False,"2025-08-11 14:01:45.654704","2025-11-07 12:49:14.605559"
"450","19743","120160",396,"https://data.cdc.gov/api/views/it4f-frdc/rows.rdf?accessType=DOWNLOAD","60349",NULL,False,"2025-08-11 14:01:45.654704","2025-11-07 12:49:24.151739"
"451","19743","120161",396,"https://data.cdc.gov/api/views/it4f-frdc/rows.json?accessType=DOWNLOAD","39994",NULL,False,"2025-08-11 14:01:45.654704","2025-11-07 12:49:25.911392"
"452","19743","120162",396,"https://data.cdc.gov/api/views/it4f-frdc/rows.xml?accessType=DOWNLOAD","40373",NULL,False,"2025-08-11 14:01:45.654704","2025-11-07 12:49:27.616749"
"457","3891","23677",399,"https://www.eia.gov/petroleum/xls/EIA_LiqPipProject.xlsx","4278164",NULL,False,"2025-08-11 14:01:45.654704","2025-11-07 12:49:38.619931"
"443","19676","119821",388,"https://data.cdc.gov/api/views/e2d5-ggg7/rows.csv?accessType=DOWNLOAD","96504",NULL,False,"2025-08-11 14:01:45.654704","2025-11-07 12:49:40.654914"
"442","19676","119822",388,"https://data.cdc.gov/api/views/e2d5-ggg7/rows.rdf?accessType=DOWNLOAD","403170",NULL,False,"2025-08-11 14:01:45.654704","2025-11-07 12:49:42.619313"
"441","19676","119823",388,"https://data.cdc.gov/api/views/e2d5-ggg7/rows.json?accessType=DOWNLOAD","247401",NULL,False,"2025-08-11 14:01:45.654704","2025-11-07 12:49:44.548683"
"440","19676","119824",388,"https://data.cdc.gov/api/views/e2d5-ggg7/rows.xml?accessType=DOWNLOAD","466817",NULL,False,"2025-08-11 14:01:45.654704","2025-11-07 12:49:46.418824"
"447","19754","120358",389,"https://data.cdc.gov/api/views/jz6n-v26y/rows.csv?accessType=DOWNLOAD","7552349",NULL,False,"2025-08-11 14:01:45.654704","2025-11-07 12:49:51.325621"
"446","19754","120359",389,"https://data.cdc.gov/api/views/jz6n-v26y/rows.rdf?accessType=DOWNLOAD","776040",NULL,False,"2025-08-11 14:01:45.654704","2025-11-07 12:49:53.205381"
"445","19754","120360",389,"https://data.cdc.gov/api/views/jz6n-v26y/rows.json?accessType=DOWNLOAD","16090988",NULL,False,"2025-08-11 14:01:45.654704","2025-11-07 12:49:56.554979"
"444","19754","120361",389,"https://data.cdc.gov/api/views/jz6n-v26y/rows.xml?accessType=DOWNLOAD","36079750",NULL,False,"2025-08-11 14:01:45.654704","2025-11-07 12:50:00.188841"
"463","19611","119474",402,"https://data.cdc.gov/api/views/e539-uadk/rows.csv?accessType=DOWNLOAD","167026275",NULL,False,"2025-08-11 14:01:45.654704","2025-11-07 12:54:04.221205"
"462","19611","119475",402,"https://data.cdc.gov/api/views/e539-uadk/rows.rdf?accessType=DOWNLOAD","658003",NULL,False,"2025-08-11 14:01:45.654704","2025-11-07 12:54:06.530812"
"470","19572","119256",404,"https://healthdata.gov/api/views/g62h-syeh/rows.csv?accessType=DOWNLOAD","38482424",NULL,False,"2025-08-11 14:01:45.654704","2025-11-07 12:50:24.603828"
"472","19572","119257",404,"https://healthdata.gov/api/views/g62h-syeh/rows.rdf?accessType=DOWNLOAD","6611799",NULL,False,"2025-08-11 14:01:45.654704","2025-11-07 12:50:28.325672"
"473","19572","119258",404,"https://healthdata.gov/api/views/g62h-syeh/rows.json?accessType=DOWNLOAD","84626903",NULL,False,"2025-08-11 14:01:45.654704","2025-11-07 12:50:44.639516"
"471","19572","119259",404,"https://healthdata.gov/api/views/g62h-syeh/rows.xml?accessType=DOWNLOAD","1041280319",NULL,False,"2025-08-11 14:01:45.654704","2025-11-07 12:51:27.36454"
"482","153511","1449024",407,"http://www.fsa.usda.gov/Internet/FSA_File/hist_imex.xls","77824",NULL,False,"2025-08-11 14:01:45.654704","2025-11-07 12:51:49.43657"
"475","19775","120939",405,"https://data.cdc.gov/api/views/jb9g-gnvr/rows.csv?accessType=DOWNLOAD","2543692",NULL,False,"2025-08-11 14:01:45.654704","2025-11-07 12:53:06.793997"
"474","19775","120941",405,"https://data.cdc.gov/api/views/jb9g-gnvr/rows.json?accessType=DOWNLOAD","5469833",NULL,False,"2025-08-11 14:01:45.654704","2025-11-07 12:53:11.288468"
"477","19775","120942",405,"https://data.cdc.gov/api/views/jb9g-gnvr/rows.xml?accessType=DOWNLOAD","11303328",NULL,False,"2025-08-11 14:01:45.654704","2025-11-07 12:53:13.996755"
"464","19611","119476",402,"https://data.cdc.gov/api/views/e539-uadk/rows.json?accessType=DOWNLOAD","307268241",NULL,False,"2025-08-11 14:01:45.654704","2025-11-07 12:54:36.532446"
"465","19611","119477",402,"https://data.cdc.gov/api/views/e539-uadk/rows.xml?accessType=DOWNLOAD","668235407",NULL,False,"2025-08-11 14:01:45.654704","2025-11-07 12:55:11.954692"
"487","19609","119470",415,"https://data.cdc.gov/api/views/ggsw-596z/rows.csv?accessType=DOWNLOAD","149059",NULL,False,"2025-08-11 14:01:45.654704","2025-11-07 12:55:14.355399"
"486","19609","119471",415,"https://data.cdc.gov/api/views/ggsw-596z/rows.rdf?accessType=DOWNLOAD","341710",NULL,False,"2025-08-11 14:01:45.654704","2025-11-07 12:55:16.365481"
"488","19609","119472",415,"https://data.cdc.gov/api/views/ggsw-596z/rows.json?accessType=DOWNLOAD","365126",NULL,False,"2025-08-11 14:01:45.654704","2025-11-07 12:55:18.682334"
"490","49143","260673",418,"https://cdn.coastalscience.noaa.gov/datasets/e99/PDFmaps/33_Farallon_deMedinilla_structure.pdf","1280856",NULL,False,"2025-08-11 14:01:45.654704","2025-11-07 12:55:24.812716"
"492","49143","260674",418,"https://cdn.coastalscience.noaa.gov/datasets/e99/PDFmaps/46_Farallon_dePajaros_cover.pdf","63313",NULL,False,"2025-08-11 14:01:45.654704","2025-11-07 12:55:26.543911"
"491","49143","260675",418,"https://cdn.coastalscience.noaa.gov/datasets/e99/PDFmaps/33_Farallon_deMedinilla_zone.pdf","1091622",NULL,False,"2025-08-11 14:01:45.654704","2025-11-07 12:55:28.426376"
"478","19668","119799",406,"https://data.cdc.gov/api/views/kee5-23sr/rows.csv?accessType=DOWNLOAD","25948832",NULL,False,"2025-08-11 14:01:45.654704","2025-11-07 12:55:47.595429"
"481","19668","119800",406,"https://data.cdc.gov/api/views/kee5-23sr/rows.rdf?accessType=DOWNLOAD","2566177",NULL,False,"2025-08-11 14:01:45.654704","2025-11-07 12:55:50.235574"
"480","19668","119801",406,"https://data.cdc.gov/api/views/kee5-23sr/rows.json?accessType=DOWNLOAD","35898908",NULL,False,"2025-08-11 14:01:45.654704","2025-11-07 12:55:57.540513"
"479","19668","119802",406,"https://data.cdc.gov/api/views/kee5-23sr/rows.xml?accessType=DOWNLOAD","127941797",NULL,False,"2025-08-11 14:01:45.654704","2025-11-07 12:56:05.962088"
"495","13073","104569",423,"https://pasteur.epa.gov/uploads/483/MSDS_function_data.csv","1099723",NULL,False,"2025-08-11 14:01:45.654704","2025-11-07 12:56:09.0579"
"496","13141","104753",427,"https://pasteur.epa.gov/uploads/10.23719/1531141/GHGs_by_Detailed_Sector_US_2012-2022.xlsx","1209636",NULL,False,"2025-08-11 14:01:45.654704","2025-11-07 12:56:14.159475"
"497","13141","104754",427,"https://pasteur.epa.gov/uploads/10.23719/1531141/GHGs_by_Aggregate_Sector_US_2012-2022.xlsx","294205",NULL,False,"2025-08-11 14:01:45.654704","2025-11-07 12:56:16.279098"
"494","13024","104417",422,"https://echo.epa.gov/files/echodownloads/echo_exporter.zip","429098892",NULL,False,"2025-08-11 14:01:45.654704","2025-11-07 12:57:03.547687"
"499","19697","119883",428,"https://data.cdc.gov/api/views/28df-2bwy/rows.csv?accessType=DOWNLOAD","17313",NULL,False,"2025-08-11 14:01:45.654704","2025-11-07 12:57:06.492514"
"500","19697","119884",428,"https://data.cdc.gov/api/views/28df-2bwy/rows.rdf?accessType=DOWNLOAD","174433",NULL,False,"2025-08-11 14:01:45.654704","2025-11-07 12:57:08.443485"
"501","19697","119885",428,"https://data.cdc.gov/api/views/28df-2bwy/rows.json?accessType=DOWNLOAD","79712",NULL,False,"2025-08-11 14:01:45.654704","2025-11-07 12:57:10.494433"
"498","19697","119886",428,"https://data.cdc.gov/api/views/28df-2bwy/rows.xml?accessType=DOWNLOAD","123127",NULL,False,"2025-08-11 14:01:45.654704","2025-11-07 12:57:12.538865"
"505","19670","119807",430,"https://data.cdc.gov/api/views/b36e-ru3r/rows.csv?accessType=DOWNLOAD","398652",NULL,False,"2025-08-11 14:01:45.654704","2025-11-07 12:57:14.875978"
"504","19670","119809",430,"https://data.cdc.gov/api/views/b36e-ru3r/rows.json?accessType=DOWNLOAD","1369229",NULL,False,"2025-08-11 14:01:45.654704","2025-11-07 12:57:19.331154"
"502","19670","119810",430,"https://data.cdc.gov/api/views/b36e-ru3r/rows.xml?accessType=DOWNLOAD","5246005",NULL,False,"2025-08-11 14:01:45.654704","2025-11-07 12:57:22.059023"
"508","19884","121806",445,"https://data.cdc.gov/api/views/489q-934x/rows.csv?accessType=DOWNLOAD","368059",NULL,False,"2025-08-11 14:01:45.654704","2025-11-07 12:57:24.450815"
"507","19884","121807",445,"https://data.cdc.gov/api/views/489q-934x/rows.rdf?accessType=DOWNLOAD","1476345",NULL,False,"2025-08-11 14:01:45.654704","2025-11-07 12:57:26.838088"
"506","19884","121808",445,"https://data.cdc.gov/api/views/489q-934x/rows.json?accessType=DOWNLOAD","833077",NULL,False,"2025-08-11 14:01:45.654704","2025-11-07 12:57:29.188165"
"509","19884","121809",445,"https://data.cdc.gov/api/views/489q-934x/rows.xml?accessType=DOWNLOAD","2409639",NULL,False,"2025-08-11 14:01:45.654704","2025-11-07 12:57:31.846844"
"514","19639","119654",450,"https://data.cdc.gov/api/views/ynw2-4viq/rows.csv?accessType=DOWNLOAD","9267857",NULL,False,"2025-08-11 14:01:45.654704","2025-11-07 12:57:35.245885"
"513","19639","119655",450,"https://data.cdc.gov/api/views/ynw2-4viq/rows.rdf?accessType=DOWNLOAD","520777",NULL,False,"2025-08-11 14:01:45.654704","2025-11-07 12:57:37.398784"
"511","3810","23146",448,"https://www.eia.gov/state/seds/CDF/Complete_SEDS.csv","79208820",NULL,False,"2025-08-11 14:01:45.654704","2025-11-07 12:58:54.83524"
"510","3810","23147",448,"https://www.eia.gov/state/seds/seds-data-complete.cfm?sid=US","164974",NULL,False,"2025-08-11 14:01:45.654704","2025-11-07 12:59:15.565369"
"525","152807","1446591",456,"https://inventory.data.gov/dataset/a4bb2733-5ab4-479e-96f3-5fe7f839c93e/resource/e47689e1-6c62-4611-9574-c0ba88cd7570/download/worldagriculturalproductionaug2014.pdf","2118022",NULL,False,"2025-08-11 14:01:45.654704","2025-11-07 12:58:21.260959"
"542","3877","23538",461,"https://www.nrel.gov/docs/fy24osti/87843.pdf","2779977",NULL,False,"2025-08-11 14:01:45.654704","2025-11-07 12:58:28.663946"
"543","3877","23539",461,"https://data.openei.org/files/6124/ord_moratoriumbanned_Solar_v1.tif","3708284",NULL,False,"2025-08-11 14:01:45.654704","2025-11-07 12:58:32.773028"
"544","3877","23540",461,"https://data.openei.org/files/6124/ord_moratoriumbanned_solar_map_v1.png","12826540",NULL,False,"2025-08-11 14:01:45.654704","2025-11-07 12:58:36.329295"
"540","3877","23541",461,"https://data.openei.org/files/6124/ord_moratoriumbanned_Solar_v2.tif","4621670",NULL,False,"2025-08-11 14:01:45.654704","2025-11-07 12:58:38.858212"
"541","3877","23542",461,"https://data.openei.org/files/6124/ord_moratoriumbanned_solar_map_v2.png","12132423",NULL,False,"2025-08-11 14:01:45.654704","2025-11-07 12:58:42.678219"
"536","15065","109236",460,"https://pasteur.epa.gov/uploads/10.23719/1527684/SI_TSCA2021.txt","753084",NULL,False,"2025-08-11 14:01:45.654704","2025-11-07 12:59:18.54994"
"537","15065","109237",460,"https://pasteur.epa.gov/uploads/10.23719/1527684/SI_PFASSTRUCTV4.txt","944473",NULL,False,"2025-08-11 14:01:45.654704","2025-11-07 12:59:21.215729"
"535","15065","109239",460,"https://pasteur.epa.gov/uploads/10.23719/1527684/SI_Perhalocarbons.txt","41685",NULL,False,"2025-08-11 14:01:45.654704","2025-11-07 12:59:25.648195"
"533","15065","109240",460,"https://pasteur.epa.gov/uploads/10.23719/1527684/SI_OECD2021_contains_CF2.txt","2282233",NULL,False,"2025-08-11 14:01:45.654704","2025-11-07 12:59:28.483887"
"539","15065","109241",460,"https://pasteur.epa.gov/uploads/10.23719/1527684/PFAS_List_Manuscript_SI_Files.zip","13143821",NULL,False,"2025-08-11 14:01:45.654704","2025-11-07 12:59:31.934132"
"534","15065","109242",460,"https://pasteur.epa.gov/uploads/10.23719/1527684/List_of_PFAS_chemical_lists_2021-12-29.xlsx","19553",NULL,False,"2025-08-11 14:01:45.654704","2025-11-07 12:59:33.931696"
"516","19709","119964",452,"https://data.cdc.gov/api/views/krqc-563j/rows.csv?accessType=DOWNLOAD","489671000",NULL,False,"2025-08-11 14:01:45.654704","2025-11-07 13:06:05.269534"
"519","19709","119965",452,"https://data.cdc.gov/api/views/krqc-563j/rows.rdf?accessType=DOWNLOAD","597611",NULL,False,"2025-08-11 14:01:45.654704","2025-11-07 13:06:09.755996"
"518","19709","119966",452,"https://data.cdc.gov/api/views/krqc-563j/rows.json?accessType=DOWNLOAD","262160384",NULL,False,"2025-08-11 14:01:45.654704","2025-11-07 13:25:55.446825"
"517","19709","119967",452,"https://data.cdc.gov/api/views/krqc-563j/rows.xml?accessType=DOWNLOAD","262150374",NULL,False,"2025-08-11 14:01:45.654704","2025-11-07 13:26:06.665248"
"528","19627","119540",458,"https://data.cdc.gov/api/views/mc4y-cbbv/rows.rdf?accessType=DOWNLOAD","6208",NULL,False,"2025-08-11 14:01:45.654704","2025-11-07 13:26:13.943859"
"527","19627","119541",458,"https://data.cdc.gov/api/views/mc4y-cbbv/rows.json?accessType=DOWNLOAD","15059",NULL,False,"2025-08-11 14:01:45.654704","2025-11-07 13:26:15.324085"
"530","19627","119542",458,"https://data.cdc.gov/api/views/mc4y-cbbv/rows.xml?accessType=DOWNLOAD","4118",NULL,False,"2025-08-11 14:01:45.654704","2025-11-07 13:26:16.628231"
"523","19742","120155",453,"https://data.cdc.gov/api/views/nfuu-hu6j/rows.csv?accessType=DOWNLOAD","553453",NULL,False,"2025-08-11 14:01:45.654704","2025-11-07 13:26:25.460069"
"522","19742","120156",453,"https://data.cdc.gov/api/views/nfuu-hu6j/rows.rdf?accessType=DOWNLOAD","393817",NULL,False,"2025-08-11 14:01:45.654704","2025-11-07 13:26:27.115266"
"521","19742","120157",453,"https://data.cdc.gov/api/views/nfuu-hu6j/rows.json?accessType=DOWNLOAD","972807",NULL,False,"2025-08-11 14:01:45.654704","2025-11-07 13:26:33.150378"
"520","19742","120158",453,"https://data.cdc.gov/api/views/nfuu-hu6j/rows.xml?accessType=DOWNLOAD","1635173",NULL,False,"2025-08-11 14:01:45.654704","2025-11-07 13:26:35.984979"
"557","154973","1453348",469,"http://www.fsa.usda.gov/Internet/FSA_File/expirefips0310.xls","2136064",NULL,False,"2025-08-11 14:01:45.654704","2025-11-07 13:26:38.7527"
"548","19912","121996",464,"https://data.cdc.gov/api/views/mssc-ksj7/rows.rdf?accessType=DOWNLOAD","3339027",NULL,False,"2025-08-11 14:01:45.654704","2025-11-07 13:26:58.10218"
"546","19912","121997",464,"https://data.cdc.gov/api/views/mssc-ksj7/rows.json?accessType=DOWNLOAD","5068132",NULL,False,"2025-08-11 14:01:45.654704","2025-11-07 13:27:02.560677"
"547","19912","121998",464,"https://data.cdc.gov/api/views/mssc-ksj7/rows.xml?accessType=DOWNLOAD","16673425",NULL,False,"2025-08-11 14:01:45.654704","2025-11-07 13:27:05.263014"
"551","19568","119181",465,"https://data.cdc.gov/api/views/muzy-jte6/rows.csv?accessType=DOWNLOAD","1776773",NULL,False,"2025-08-11 14:01:45.654704","2025-11-07 13:27:08.400612"
"552","19568","119182",465,"https://data.cdc.gov/api/views/muzy-jte6/rows.rdf?accessType=DOWNLOAD","758262",NULL,False,"2025-08-11 14:01:45.654704","2025-11-07 13:27:13.27699"
"549","19568","119183",465,"https://data.cdc.gov/api/views/muzy-jte6/rows.json?accessType=DOWNLOAD","4523452",NULL,False,"2025-08-11 14:01:45.654704","2025-11-07 13:27:17.650521"
"550","19568","119184",465,"https://data.cdc.gov/api/views/muzy-jte6/rows.xml?accessType=DOWNLOAD","12585450",NULL,False,"2025-08-11 14:01:45.654704","2025-11-07 13:27:20.747698"
"561","19681","119838",471,"https://data.cdc.gov/api/views/b2jx-uyck/rows.rdf?accessType=DOWNLOAD","681458",NULL,False,"2025-08-11 14:01:45.654704","2025-11-07 13:27:39.095948"
"562","19681","119839",471,"https://data.cdc.gov/api/views/b2jx-uyck/rows.json?accessType=DOWNLOAD","253186",NULL,False,"2025-08-11 14:01:45.654704","2025-11-07 13:27:41.465864"
"559","19681","119840",471,"https://data.cdc.gov/api/views/b2jx-uyck/rows.xml?accessType=DOWNLOAD","490057",NULL,False,"2025-08-11 14:01:45.654704","2025-11-07 13:27:43.707112"
"553","3864","23493",466,"https://energy.gov/sites/prod/files/DOE_Facilities_Inventory_2014_16_06.csv","214412",NULL,False,"2025-08-11 14:01:45.654704","2025-11-07 13:27:45.960142"
"565","19642","119663",472,"https://data.cdc.gov/api/views/qjxm-7fny/rows.csv?accessType=DOWNLOAD","419446784",NULL,False,"2025-08-11 14:01:45.654704","2025-11-07 14:40:30.741428"
"564","19642","119665",472,"https://data.cdc.gov/api/views/qjxm-7fny/rows.json?accessType=DOWNLOAD","419446784",NULL,False,"2025-08-11 14:01:45.654704","2025-11-07 14:41:16.692119"
"563","19642","119666",472,"https://data.cdc.gov/api/views/qjxm-7fny/rows.xml?accessType=DOWNLOAD","419446784",NULL,False,"2025-08-11 14:01:45.654704","2025-11-07 14:43:18.768568"
"558","153091","1447658",470,"http://www.fsa.usda.gov/Internet/FSA_File/hist_deltyp3.xls","57344",NULL,False,"2025-08-11 14:01:45.654704","2025-11-07 14:43:24.272154"
"571","20161","122984",475,"https://data.cdc.gov/api/views/29js-qshz/rows.csv?accessType=DOWNLOAD","129639",NULL,False,"2025-08-11 14:01:45.654704","2025-11-07 13:27:24.82945"
"569","20161","122985",475,"https://data.cdc.gov/api/views/29js-qshz/rows.rdf?accessType=DOWNLOAD","1083473",NULL,False,"2025-08-11 14:01:45.654704","2025-11-07 13:27:28.39069"
"568","20161","122986",475,"https://data.cdc.gov/api/views/29js-qshz/rows.json?accessType=DOWNLOAD","622912",NULL,False,"2025-08-11 14:01:45.654704","2025-11-07 13:27:31.582166"
"570","20161","122987",475,"https://data.cdc.gov/api/views/29js-qshz/rows.xml?accessType=DOWNLOAD","2670117",NULL,False,"2025-08-11 14:01:45.654704","2025-11-07 13:27:34.20741"
"609","19603","119418",477,"https://data.cms.gov/sites/default/files/2023-11/3cfde40f-40ad-44cc-8b47-c6f3fb7d050b/2022_20220506.zip","2064095489",NULL,False,"2025-08-11 14:01:45.654704","2025-11-07 13:29:03.720588"
"608","19603","119419",477,"https://data.cms.gov/sites/default/files/2023-11/49c5af4b-9625-4ac0-bd75-d75499de2d5d/2022_20220408.zip","2616884277",NULL,False,"2025-08-11 14:01:45.654704","2025-11-07 13:29:05.612177"
"607","19603","119420",477,"https://data.cms.gov/sites/default/files/2023-11/28a9c246-7484-4ed7-a8db-32bfc7336f3a/2022_20220311.zip","2614499481",NULL,False,"2025-08-11 14:01:45.654704","2025-11-07 13:29:07.710163"
"606","19603","119421",477,"https://data.cms.gov/sites/default/files/2023-11/938482fe-a523-4983-abbf-6739ebc3d6f2/2022_20220211.zip","2613616926",NULL,False,"2025-08-11 14:01:45.654704","2025-11-07 13:29:09.035614"
"605","19603","119422",477,"https://data.cms.gov/sites/default/files/2023-11/eb622512-d36a-46c8-9b93-ff7b3df41da5/2022_20211231.zip","2609696037",NULL,False,"2025-08-11 14:01:45.654704","2025-11-07 13:29:10.918371"
"604","19603","119423",477,"https://data.cms.gov/sites/default/files/2023-11/fdd4cd90-fb20-47f7-9393-1c16858757e4/2022_20211203.zip","2613909404",NULL,False,"2025-08-11 14:01:45.654704","2025-11-07 13:29:13.112029"
"603","19603","119424",477,"https://data.cms.gov/sites/default/files/2023-11/0578b5c0-ed3b-46da-9488-3ea0fd37d57e/2022_20211105.zip","2607532203",NULL,False,"2025-08-11 14:01:45.654704","2025-11-07 13:29:15.225492"
"602","19603","119425",477,"https://data.cms.gov/sites/default/files/2023-11/0089f6ea-4309-4686-be29-d4532da0db00/2022_20210926.zip","2604936485",NULL,False,"2025-08-11 14:01:45.654704","2025-11-07 13:29:16.424367"
"600","19603","119427",477,"https://data.cms.gov/sites/default/files/2023-11/f7ba26c3-0ff5-4cff-affc-974b9a6f3986/2021_20210730.zip","2532685958",NULL,False,"2025-08-11 14:01:45.654704","2025-11-07 13:29:19.387715"
"599","19603","119428",477,"https://data.cms.gov/sites/default/files/2023-11/4fe4805d-63e4-4bb4-af59-b0314685688f/2021_20210702.zip","2533623830",NULL,False,"2025-08-11 14:01:45.654704","2025-11-07 13:29:20.700081"
"598","19603","119429",477,"https://data.cms.gov/sites/default/files/2023-11/2efc6658-3e84-4a57-bc05-752dec490fa9/2021_20210604.zip","2532168808",NULL,False,"2025-08-11 14:01:45.654704","2025-11-07 13:29:21.908805"
"597","19603","119430",477,"https://data.cms.gov/sites/default/files/2023-11/804ba980-a54e-46ea-bc53-20c3904f172a/2021_20210507.zip","2530630345",NULL,False,"2025-08-11 14:01:45.654704","2025-11-07 13:29:23.247446"
"596","19603","119431",477,"https://data.cms.gov/sites/default/files/2023-11/ccf7c20b-de01-480e-a629-3a4b22e2f980/2021_20210409.zip","2538142536",NULL,False,"2025-08-11 14:01:45.654704","2025-11-07 13:29:24.479516"
"595","19603","119432",477,"https://data.cms.gov/sites/default/files/2023-11/c2236004-b650-4384-9db5-c5e9c9ce46a6/2021_20210226.zip","2541219622",NULL,False,"2025-08-11 14:01:45.654704","2025-11-07 13:29:25.754762"
"594","19603","119433",477,"https://data.cms.gov/sites/default/files/2023-11/379cb591-36d9-4a48-af75-7ec84dd8596e/2021_20210129.zip","2535215231",NULL,False,"2025-08-11 14:01:45.654704","2025-11-07 13:29:31.550989"
"593","19603","119434",477,"https://data.cms.gov/sites/default/files/2023-11/6df5668f-6259-4386-afd7-27d63e40b8b2/2021_20210101.zip","2520603032",NULL,False,"2025-08-11 14:01:45.654704","2025-11-07 14:34:10.505485"
"592","19603","119435",477,"https://data.cms.gov/sites/default/files/2023-11/d8c0847f-3f80-446e-a0dc-015285a482ec/2021_20201204.zip","2518408926",NULL,False,"2025-08-11 14:01:45.654704","2025-11-07 14:34:12.292724"
"590","19603","119437",477,"https://data.cms.gov/sites/default/files/2023-11/99d54385-25fc-448e-af85-668b81ef91ec/2021_20200928.zip","2498569459",NULL,False,"2025-08-11 14:01:45.654704","2025-11-07 14:34:15.868264"
"589","19603","119438",477,"https://data.cms.gov/sites/default/files/2023-11/1cc66b82-9b93-4489-b023-967a74206d5c/2020_20200911.zip","2273324930",NULL,False,"2025-08-11 14:01:45.654704","2025-11-07 14:34:17.69674"
"588","19603","119439",477,"https://data.cms.gov/sites/default/files/2023-11/afd9ab57-1482-49b2-b245-08415007c519/2020_20200731.zip","2266716972",NULL,False,"2025-08-11 14:01:45.654704","2025-11-07 14:37:16.323799"
"587","19603","119440",477,"https://data.cms.gov/sites/default/files/2023-11/3d8d60a6-d132-4490-ac49-d673d33f0844/2020_20200703.zip","2267487050",NULL,False,"2025-08-11 14:01:45.654704","2025-11-07 14:37:18.391901"
"586","19603","119441",477,"https://data.cms.gov/sites/default/files/2023-11/59c89d24-1c2a-47f6-bf02-54ec87904b73/2020_20200605.zip","2230773580",NULL,False,"2025-08-11 14:01:45.654704","2025-11-07 14:37:20.433448"
"585","19603","119442",477,"https://data.cms.gov/sites/default/files/2023-11/751c67d2-5ea4-4a8a-9350-8d1ca522018f/2020_20200508.zip","2230196895",NULL,False,"2025-08-11 14:01:45.654704","2025-11-07 14:37:22.431756"
"584","19603","119443",477,"https://data.cms.gov/sites/default/files/2023-11/c90406bc-6cd2-4fce-8a93-3532d3f2513f/2020_20200410.zip","2238591156",NULL,False,"2025-08-11 14:01:45.654704","2025-11-07 14:37:24.577576"
"583","19603","119444",477,"https://data.cms.gov/sites/default/files/2023-11/d8e09181-8809-4605-ad29-3254aba9ba4f/2020_20200228.zip","2319152326",NULL,False,"2025-08-11 14:01:45.654704","2025-11-07 14:37:26.547345"
"582","19603","119445",477,"https://data.cms.gov/sites/default/files/2023-11/ce4b0026-c2a8-49ce-b530-3a2fc1367451/2020_20200131.zip","2230915307",NULL,False,"2025-08-11 14:01:45.654704","2025-11-07 14:37:28.408269"
"580","19603","119447",477,"https://data.cms.gov/sites/default/files/2023-11/5cc9c4ea-b780-4bc5-8427-907f5493ef56/2020_20191206.zip","2481327958",NULL,False,"2025-08-11 14:01:45.654704","2025-11-07 14:37:32.35522"
"579","19603","119448",477,"https://data.cms.gov/sites/default/files/2023-11/8a29f9d6-fdf2-4241-8631-24bab8b9c114/2020_20191108.zip","2840335171",NULL,False,"2025-08-11 14:01:45.654704","2025-11-07 14:37:34.395674"
"578","19603","119449",477,"https://data.cms.gov/sites/default/files/2023-11/5b87864f-0d5f-45ae-8ef7-0755fa65c97e/2020_20190920.zip","2510624872",NULL,False,"2025-08-11 14:01:45.654704","2025-11-07 14:37:35.544186"
"577","19603","119450",477,"https://data.cms.gov/sites/default/files/2023-11/61eaab5f-bf01-4022-b005-b7b49a085286/2019_20190828.zip","2210703969",NULL,False,"2025-08-11 14:01:45.654704","2025-11-07 14:37:36.796693"
"576","19603","119451",477,"https://data.cms.gov/sites/default/files/2023-11/143b48c7-ba26-4b7b-8cfb-271468e637ac/2019_20190731.zip","2513048565",NULL,False,"2025-08-11 14:01:45.654704","2025-11-07 14:37:39.55144"
"575","19603","119452",477,"https://data.cms.gov/sites/default/files/2023-11/65b17031-c664-4c98-93b7-746a3d5603dc/2019_20190703.zip","2380890119",NULL,False,"2025-08-11 14:01:45.654704","2025-11-07 14:37:40.79419"
"574","19603","119453",477,"https://data.cms.gov/sites/default/files/2023-11/7cf83c73-3703-43b4-8a2a-01ea6ed670db/2019_20190605.zip","2207790008",NULL,False,"2025-08-11 14:01:45.654704","2025-11-07 14:37:41.954636"
"567","19618","119515",474,"https://download.medicaid.gov/data/Behavioral-Health-Services-Provided-to-the-MedicaidCHIP-Population.csv","2477031",NULL,False,"2025-08-11 14:01:45.654704","2025-11-07 14:38:43.994135"
"566","19642","119664",472,"https://data.cdc.gov/api/views/qjxm-7fny/rows.rdf?accessType=DOWNLOAD","292197",NULL,False,"2025-08-11 14:01:45.654704","2025-11-07 14:40:34.59205"
"643","19603","119383",477,"https://data.cms.gov/sites/default/files/2025-04/b3e5f38b-502d-4ab8-add4-78651e2bfe68/2025_20250417.zip","2406940931",NULL,False,"2025-08-11 14:01:45.654704","2025-11-07 13:27:50.675673"
"642","19603","119384",477,"https://data.cms.gov/sites/default/files/2025-03/482cd695-a618-4723-872c-6963f22642f6/2025_20250320.zip","2411517304",NULL,False,"2025-08-11 14:01:45.654704","2025-11-07 13:27:52.789584"
"641","19603","119385",477,"https://data.cms.gov/sites/default/files/2025-02/2cef8337-fdb7-46fd-bda7-5d926d3b7785/2025_20250220.zip","2402155626",NULL,False,"2025-08-11 14:01:45.654704","2025-11-07 13:27:54.944953"
"639","19603","119387",477,"https://data.cms.gov/sites/default/files/2024-12/6258bcc2-9d95-4477-8c66-b43a7bc57c23/2025_20241212.zip","2398754306",NULL,False,"2025-08-11 14:01:45.654704","2025-11-07 13:27:59.06118"
"638","19603","119388",477,"https://data.cms.gov/sites/default/files/2024-12/bb6379c7-c39f-4c6c-9f99-58e58065668b/2025_20241219_Nov2024.zip","2396841389",NULL,False,"2025-08-11 14:01:45.654704","2025-11-07 13:28:01.070284"
"637","19603","119389",477,"https://data.cms.gov/sites/default/files/2024-12/0be15bc4-f63d-484a-8c40-4810b35c91aa/2025_20241219_Oct2024.zip","2392730623",NULL,False,"2025-08-11 14:01:45.654704","2025-11-07 13:28:03.04613"
"636","19603","119390",477,"https://data.cms.gov/sites/default/files/2025-05/74f1765a-fcac-41b7-8153-197542c051c3/2024_20250430_SEP2024.zip","2560583769",NULL,False,"2025-08-11 14:01:45.654704","2025-11-07 13:28:05.125655"
"635","19603","119391",477,"https://data.cms.gov/sites/default/files/2025-05/86d332b6-16cf-4118-8627-ff085e1856ff/2024_20250430_AUG2024.zip","2565856859",NULL,False,"2025-08-11 14:01:45.654704","2025-11-07 13:28:07.136316"
"634","19603","119392",477,"https://data.cms.gov/sites/default/files/2025-05/7301679a-0661-4ab9-a3ff-5ff23ef23957/2024_20250430_JUL2024.zip","2578750743",NULL,False,"2025-08-11 14:01:45.654704","2025-11-07 13:28:09.025359"
"633","19603","119393",477,"https://data.cms.gov/sites/default/files/2025-05/89fb4f07-ff1f-40e3-b8fd-172b8d0c9ff0/2024_20250430_JUN2024.zip","2580811111",NULL,False,"2025-08-11 14:01:45.654704","2025-11-07 13:28:10.923773"
"632","19603","119394",477,"https://data.cms.gov/sites/default/files/2025-04/6f20c5a2-94a5-4734-8be0-1851b2f72ccc/2024_20250331_MAY2024.zip","2583778260",NULL,False,"2025-08-11 14:01:45.654704","2025-11-07 13:28:12.966018"
"631","19603","119395",477,"https://data.cms.gov/sites/default/files/2025-04/f1dfb226-90b3-49a8-af0b-321e1758ad02/2024_20250331_APR2024.zip","2586442241",NULL,False,"2025-08-11 14:01:45.654704","2025-11-07 13:28:14.982919"
"629","19603","119397",477,"https://data.cms.gov/sites/default/files/2025-02/c67d7556-8870-4e86-aeab-32a62867dd74/2024_20250228_Feb2024.zip","2602681495",NULL,False,"2025-08-11 14:01:45.654704","2025-11-07 13:28:18.752858"
"628","19603","119398",477,"https://data.cms.gov/sites/default/files/2025-02/8fcc8df5-e6b3-4381-80ff-308b40f442d9/2024_20250228_Jan2024.zip","2602571429",NULL,False,"2025-08-11 14:01:45.654704","2025-11-07 13:28:20.732928"
"627","19603","119399",477,"https://data.cms.gov/sites/default/files/2025-01/df39a477-5d55-4770-a11e-f03eb9c6e2de/2024_20250131_Dec2023.zip","2598602542",NULL,False,"2025-08-11 14:01:45.654704","2025-11-07 13:28:22.691007"
"626","19603","119400",477,"https://data.cms.gov/sites/default/files/2025-01/aae877a9-335c-43dd-b1a0-e649742d1444/2024_20250131_Nov2023.zip","2586394946",NULL,False,"2025-08-11 14:01:45.654704","2025-11-07 13:28:24.531744"
"625","19603","119401",477,"https://data.cms.gov/sites/default/files/2025-01/333d554e-d4db-4bff-ac69-80068c59953c/2024_20250131_Oct2023.zip","2609812860",NULL,False,"2025-08-11 14:01:45.654704","2025-11-07 13:28:26.580863"
"624","19603","119402",477,"https://data.cms.gov/sites/default/files/2023-11/df324831-85ef-469f-a52c-45937d09208f/2023_20230908.zip","2742090480",NULL,False,"2025-08-11 14:01:45.654704","2025-11-07 13:28:28.814728"
"623","19603","119403",477,"https://data.cms.gov/sites/default/files/2023-11/aa4d3589-dcdd-477b-89fc-6f26f861c323/2023_20230811.zip","2743537920",NULL,False,"2025-08-11 14:01:45.654704","2025-11-07 13:28:30.899942"
"622","19603","119404",477,"https://data.cms.gov/sites/default/files/2023-11/659f4425-12fb-4197-ad83-f8e424a9056c/2023_20230630.zip","2744541422",NULL,False,"2025-08-11 14:01:45.654704","2025-11-07 13:28:33.228262"
"621","19603","119405",477,"https://data.cms.gov/sites/default/files/2023-11/4e2e968f-41c1-43bf-a642-42c86c3e11b3/2023_20230602.zip","2744442995",NULL,False,"2025-08-11 14:01:45.654704","2025-11-07 13:28:35.233124"
"620","19603","119406",477,"https://data.cms.gov/sites/default/files/2023-11/2ab90b80-b8f4-4eab-b6db-eba3b2a2a64b/2023_20230505.zip","2745170086",NULL,False,"2025-08-11 14:01:45.654704","2025-11-07 13:28:37.002955"
"618","19603","119408",477,"https://data.cms.gov/sites/default/files/2023-11/ebe9ea93-b210-45b3-a81f-fd5e867b3c93/2023_20230310.zip","2750282833",NULL,False,"2025-08-11 14:01:45.654704","2025-11-07 13:28:42.189447"
"617","19603","119409",477,"https://data.cms.gov/sites/default/files/2023-11/345e8284-9a21-4987-91a8-01beae73b695/2023_20230210.zip","2748486156",NULL,False,"2025-08-11 14:01:45.654704","2025-11-07 13:28:45.226405"
"616","19603","119410",477,"https://data.cms.gov/sites/default/files/2023-11/f4c11ce6-970d-487e-b03a-f6ec75b4ba00/2023_20221230.zip","2741799390",NULL,False,"2025-08-11 14:01:45.654704","2025-11-07 13:28:47.638269"
"615","19603","119411",477,"https://data.cms.gov/sites/default/files/2023-11/73fd9296-51ce-4072-81c1-82bfd4dae39c/2023_20221202.zip","2738222742",NULL,False,"2025-08-11 14:01:45.654704","2025-11-07 13:28:49.947286"
"614","19603","119412",477,"https://data.cms.gov/sites/default/files/2023-11/138570ac-4a3e-476f-9284-9a59b7d97df2/2023_20221104.zip","2740508166",NULL,False,"2025-08-11 14:01:45.654704","2025-11-07 13:28:51.957966"
"613","19603","119413",477,"https://data.cms.gov/sites/default/files/2023-11/0850cde2-c51a-4225-a66f-93652a947554/2023_20220924.zip","2746939721",NULL,False,"2025-08-11 14:01:45.654704","2025-11-07 13:28:54.001088"
"612","19603","119414",477,"https://data.cms.gov/sites/default/files/2023-11/78be4985-1061-412f-8186-f370189e7430/2022_20220909.zip","2612928385",NULL,False,"2025-08-11 14:01:45.654704","2025-11-07 13:28:56.101345"
"611","19603","119415",477,"https://data.cms.gov/sites/default/files/2023-11/a1c31e00-f02c-4fea-b2a0-dd61677bdbcb/2022_20220729.zip","2613127987",NULL,False,"2025-08-11 14:01:45.654704","2025-11-07 13:28:57.987723"
"610","19603","119417",477,"https://data.cms.gov/sites/default/files/2023-11/cf3c822b-8333-4e7c-8e0e-4b873369d855/2022_20220603.zip","2615046842",NULL,False,"2025-08-11 14:01:45.654704","2025-11-07 13:29:01.364417"
"648","19603","119455",477,"https://data.cms.gov/sites/default/files/2023-11/14b1226d-fdae-44cc-8c68-25b3fd1da4ce/2019_20190327.zip","2207849120",NULL,False,"2025-08-11 14:01:45.654704","2025-11-07 14:37:46.072186"
"647","19603","119456",477,"https://data.cms.gov/sites/default/files/2023-11/cfc95300-881a-439d-8f00-7ae7eba2a051/2019_20190227.zip","2208535609",NULL,False,"2025-08-11 14:01:45.654704","2025-11-07 14:37:48.938327"
"646","19603","119457",477,"https://data.cms.gov/sites/default/files/2023-11/a995a2bd-f896-45bf-addd-44facfcbe1b4/2019_20190130.zip","2217885985",NULL,False,"2025-08-11 14:01:45.654704","2025-11-07 14:37:50.119293"
"645","19603","119458",477,"https://data.cms.gov/sites/default/files/2023-11/4a188c5d-72f6-46e5-8886-067b95895f44/2019_20190102.zip","2217627151",NULL,False,"2025-08-11 14:01:45.654704","2025-11-07 14:37:53.74562"
"655","19886","121815",480,"https://data.cdc.gov/api/views/m74n-4hbs/rows.rdf?accessType=DOWNLOAD","559317",NULL,False,"2025-08-11 14:01:45.654704","2025-11-07 14:38:14.663394"
"656","19886","121816",480,"https://data.cdc.gov/api/views/m74n-4hbs/rows.json?accessType=DOWNLOAD","57326296",NULL,False,"2025-08-11 14:01:45.654704","2025-11-07 14:38:24.378183"
"657","19886","121817",480,"https://data.cdc.gov/api/views/m74n-4hbs/rows.xml?accessType=DOWNLOAD","149313398",NULL,False,"2025-08-11 14:01:45.654704","2025-11-07 14:38:40.899818"
"658","19556","119127",482,"https://www.acf.hhs.gov/sites/default/files/documents/ofa/tanf_financial_data_fy_2019_91020.xlsx","552779",NULL,False,"2025-08-11 14:01:45.654704","2025-11-07 14:43:37.866642"
"683","152966","1447238",499,"http://www.ams.usda.gov/sites/default/files/media/GTRTable17.xlsx","2885299",NULL,False,"2025-08-11 14:01:45.654704","2025-11-07 14:43:45.170978"
"679","19692","119869",495,"https://data.cdc.gov/api/views/k8w5-7ju6/rows.csv?accessType=DOWNLOAD","2738823",NULL,False,"2025-08-11 14:01:45.654704","2025-11-07 14:43:48.769853"
"677","19692","119870",495,"https://data.cdc.gov/api/views/k8w5-7ju6/rows.rdf?accessType=DOWNLOAD","839214",NULL,False,"2025-08-11 14:01:45.654704","2025-11-07 14:43:51.778911"
"678","19692","119871",495,"https://data.cdc.gov/api/views/k8w5-7ju6/rows.json?accessType=DOWNLOAD","4934645",NULL,False,"2025-08-11 14:01:45.654704","2025-11-07 14:43:55.092342"
"680","19692","119872",495,"https://data.cdc.gov/api/views/k8w5-7ju6/rows.xml?accessType=DOWNLOAD","9766779",NULL,False,"2025-08-11 14:01:45.654704","2025-11-07 14:43:58.505961"
"668","153049","1447499",492,"http://www.fsa.usda.gov/Internet/FSA_File/hist_sugdane.xls","73216",NULL,False,"2025-08-11 14:01:45.654704","2025-11-07 14:44:01.231999"
"660","19791","121230",488,"https://data.cdc.gov/api/views/qnzd-25i4/rows.csv?accessType=DOWNLOAD","247382885",NULL,False,"2025-08-11 14:01:45.654704","2025-11-07 14:44:42.499044"
"661","19791","121231",488,"https://data.cdc.gov/api/views/qnzd-25i4/rows.rdf?accessType=DOWNLOAD","579376",NULL,False,"2025-08-11 14:01:45.654704","2025-11-07 14:44:45.512721"
"662","19791","121232",488,"https://data.cdc.gov/api/views/qnzd-25i4/rows.json?accessType=DOWNLOAD","419436566",NULL,False,"2025-08-11 14:01:45.654704","2025-11-07 14:45:13.094364"
"671","19833","121414",493,"https://data.cdc.gov/api/views/3h58-x6cd/rows.csv?accessType=DOWNLOAD","2818024",NULL,False,"2025-08-11 14:01:45.654704","2025-11-07 14:45:36.155008"
"670","19833","121415",493,"https://data.cdc.gov/api/views/3h58-x6cd/rows.rdf?accessType=DOWNLOAD","330851",NULL,False,"2025-08-11 14:01:45.654704","2025-11-07 14:45:39.525153"
"672","19833","121416",493,"https://data.cdc.gov/api/views/3h58-x6cd/rows.json?accessType=DOWNLOAD","11028603",NULL,False,"2025-08-11 14:01:45.654704","2025-11-07 14:45:42.719017"
"669","19833","121417",493,"https://data.cdc.gov/api/views/3h58-x6cd/rows.xml?accessType=DOWNLOAD","27826283",NULL,False,"2025-08-11 14:01:45.654704","2025-11-07 14:45:50.165805"
"665","19675","119817",489,"https://healthdata.gov/api/views/sgxm-t72h/rows.csv?accessType=DOWNLOAD","39262506",NULL,False,"2025-08-11 14:01:45.654704","2025-11-07 14:46:06.062194"
"666","19675","119818",489,"https://healthdata.gov/api/views/sgxm-t72h/rows.rdf?accessType=DOWNLOAD","7188182",NULL,False,"2025-08-11 14:01:45.654704","2025-11-07 14:46:09.164141"
"667","19675","119819",489,"https://healthdata.gov/api/views/sgxm-t72h/rows.json?accessType=DOWNLOAD","84223435",NULL,False,"2025-08-11 14:01:45.654704","2025-11-07 14:46:25.506033"
"686","19594","119357",500,"https://data.cdc.gov/api/views/3apk-4u4f/rows.csv?accessType=DOWNLOAD","10279",NULL,False,"2025-08-11 14:01:45.654704","2025-11-07 14:46:39.15247"
"684","19594","119358",500,"https://data.cdc.gov/api/views/3apk-4u4f/rows.rdf?accessType=DOWNLOAD","98653",NULL,False,"2025-08-11 14:01:45.654704","2025-11-07 14:46:40.732205"
"687","19594","119359",500,"https://data.cdc.gov/api/views/3apk-4u4f/rows.json?accessType=DOWNLOAD","53315",NULL,False,"2025-08-11 14:01:45.654704","2025-11-07 14:46:43.148176"
"685","19594","119360",500,"https://data.cdc.gov/api/views/3apk-4u4f/rows.xml?accessType=DOWNLOAD","71659",NULL,False,"2025-08-11 14:01:45.654704","2025-11-07 14:46:44.621043"
"682","18904","117202",497,"https://pasteur.epa.gov/uploads/10.23719/1531746/Data_with_descriptions_clean_updated_oct15.xlsx","136225236",NULL,False,"2025-08-11 14:01:45.654704","2025-11-07 14:47:23.052874"
"676","19770","120830",494,"https://data.cdc.gov/api/views/7nwe-3aj9/rows.csv?accessType=DOWNLOAD","3501889",NULL,False,"2025-08-11 14:01:45.654704","2025-11-07 14:47:27.196913"
"673","19770","120831",494,"https://data.cdc.gov/api/views/7nwe-3aj9/rows.rdf?accessType=DOWNLOAD","717432",NULL,False,"2025-08-11 14:01:45.654704","2025-11-07 14:47:30.090667"
"674","19770","120832",494,"https://data.cdc.gov/api/views/7nwe-3aj9/rows.json?accessType=DOWNLOAD","7418619",NULL,False,"2025-08-11 14:01:45.654704","2025-11-07 14:47:33.560693"
"732","4011","24405",520,"https://data.openei.org/files/6125/setbacks_pipeline_115hh_170rd_extrapolated.png","17627347",NULL,False,"2025-08-11 14:01:45.654704","2025-11-07 14:48:00.948695"
"739","4207","25697",523,"https://data.openei.org/files/6121/nexrad_4km.tif","3800298",NULL,False,"2025-08-11 14:01:45.654704","2025-11-07 14:48:04.385953"
"740","4207","25698",523,"https://data.openei.org/files/6121/nexrad_4km_map.png","11203975",NULL,False,"2025-08-11 14:01:45.654704","2025-11-07 14:48:08.950533"
"755","4654","28052",527,"https://data.openei.org/files/6141/setbacks_structure_reference_map.png","37686480",NULL,False,"2025-08-11 14:01:45.654704","2025-11-07 14:48:16.502676"
"758","5362","29688",528,"https://data.openei.org/files/6127/setbacks_rail_115hh_170rd_extrapolated.png","15767651",NULL,False,"2025-08-11 14:01:45.654704","2025-11-07 14:47:46.016493"
"762","5362","29689",528,"https://data.openei.org/files/6127/setbacks_rail_115hh_170rd.tif","3787228",NULL,False,"2025-08-11 14:01:45.654704","2025-11-07 14:47:48.629637"
"760","5362","29690",528,"https://data.openei.org/files/6127/setbacks_rail_115hh_170rd_map.png","12955304",NULL,False,"2025-08-11 14:01:45.654704","2025-11-07 14:47:52.761661"
"36","19529","119025",12,"https://data.cdc.gov/api/views/7b9s-s8ck/rows.csv?accessType=DOWNLOAD","1303422535",NULL,False,"2025-08-11 14:01:45.654704","2025-10-16 16:03:21.08492"
"374","19592","119348",327,"https://data.cdc.gov/api/views/ycxr-emue/rows.rdf?accessType=DOWNLOAD","394654",NULL,False,"2025-08-11 14:01:45.654704","2025-11-07 12:44:17.227208"
"391","19653","119711",342,"https://data.cdc.gov/api/views/ee48-w5t6/rows.xml?accessType=DOWNLOAD","15051192",NULL,False,"2025-08-11 14:01:45.654704","2025-11-07 12:44:38.827142"
"395","19641","119662",367,"https://data.cdc.gov/api/views/jxu8-x79m/rows.xml?accessType=DOWNLOAD","28111061",NULL,False,"2025-08-11 14:01:45.654704","2025-11-07 12:44:54.378349"
"403","19562","119166",372,"https://data.cdc.gov/api/views/v6ab-adf5/rows.json?accessType=DOWNLOAD","82171",NULL,False,"2025-08-11 14:01:45.654704","2025-11-07 12:46:03.961922"
"417","19575","119265",377,"https://data.cdc.gov/api/views/q9mh-h2tw/rows.csv?accessType=DOWNLOAD","161777326",NULL,False,"2025-08-11 14:01:45.654704","2025-11-07 12:46:33.766346"
"422","19671","119813",380,"https://data.cdc.gov/api/views/dxpw-cm5u/rows.json?accessType=DOWNLOAD","1034350",NULL,False,"2025-08-11 14:01:45.654704","2025-11-07 12:48:14.123789"
"425","13138","104750",383,"https://pasteur.epa.gov/uploads/10.23719/1530705/Bleaching%20Indicators.xlsx","51459",NULL,False,"2025-08-11 14:01:45.654704","2025-11-07 12:48:27.757642"
"449","19743","120159",396,"https://data.cdc.gov/api/views/it4f-frdc/rows.csv?accessType=DOWNLOAD","5882",NULL,False,"2025-08-11 14:01:45.654704","2025-11-07 12:49:22.312255"
"448","153633","1449388",395,"http://www.ams.usda.gov/sites/default/files/media/GTRTable1.xlsx","322371",NULL,False,"2025-08-11 14:01:45.654704","2025-11-07 12:49:48.249626"
"26","19526","119017",9,"https://data.cdc.gov/api/views/2m93-xvra/rows.xml?accessType=DOWNLOAD","1807390",NULL,False,"2025-08-11 14:01:45.654704","2025-11-07 12:51:38.205556"
"476","19775","120940",405,"https://data.cdc.gov/api/views/jb9g-gnvr/rows.rdf?accessType=DOWNLOAD","469767",NULL,False,"2025-08-11 14:01:45.654704","2025-11-07 12:53:08.794407"
"489","19609","119473",415,"https://data.cdc.gov/api/views/ggsw-596z/rows.xml?accessType=DOWNLOAD","597819",NULL,False,"2025-08-11 14:01:45.654704","2025-11-07 12:55:20.75695"
"493","19643","119667",421,"https://download.medicaid.gov/data/race-and-ethnicity-2020-2022-01162025.csv","26402",NULL,False,"2025-08-11 14:01:45.654704","2025-11-07 12:56:11.458906"
"503","19670","119808",430,"https://data.cdc.gov/api/views/b36e-ru3r/rows.rdf?accessType=DOWNLOAD","888085",NULL,False,"2025-08-11 14:01:45.654704","2025-11-07 12:57:16.965243"
"512","19639","119656",450,"https://data.cdc.gov/api/views/ynw2-4viq/rows.json?accessType=DOWNLOAD","18176168",NULL,False,"2025-08-11 14:01:45.654704","2025-11-07 12:57:40.768983"
"515","19639","119657",450,"https://data.cdc.gov/api/views/ynw2-4viq/rows.xml?accessType=DOWNLOAD","40006717",NULL,False,"2025-08-11 14:01:45.654704","2025-11-07 12:57:44.835233"
"524","3878","23543",455,"https://www.eia.gov/consumption/residential/data/2009/csv/recs2009_public.csv","28917457",NULL,False,"2025-08-11 14:01:45.654704","2025-11-07 12:57:55.768346"
"538","15065","109238",460,"https://pasteur.epa.gov/uploads/10.23719/1527684/SI_PFAS_Harvesting_1217_2021.docx","287154",NULL,False,"2025-08-11 14:01:45.654704","2025-11-07 12:59:23.59522"
"166","3820","23222",77,"https://data.openei.org/files/6179/FSEC_Regional_Test_Ambient_data.csv","705166157",NULL,False,"2025-08-11 14:01:45.654704","2025-11-06 15:49:55.580276"
"183","13009","104372",81,"https://pasteur.epa.gov/uploads/10.23719/1529835/RF_Inputs_Normalized.csv","1505282",NULL,False,"2025-08-11 14:01:45.654704","2025-11-06 16:41:09.238571"
"195","19541","119060",88,"https://data.cdc.gov/api/views/r8kw-7aab/rows.xml?accessType=DOWNLOAD","16675725",NULL,False,"2025-08-11 14:01:45.654704","2025-11-06 16:41:40.512568"
"206","19567","119177",94,"https://data.cdc.gov/api/views/jiwm-ppbh/rows.csv?accessType=DOWNLOAD","14928038",NULL,False,"2025-08-11 14:01:45.654704","2025-11-06 16:42:47.776826"
"207","19567","119180",94,"https://data.cdc.gov/api/views/jiwm-ppbh/rows.xml?accessType=DOWNLOAD","54875226",NULL,False,"2025-08-11 14:01:45.654704","2025-11-06 16:42:54.907872"
"216","19530","119029",97,"https://data.cdc.gov/api/views/k62p-6esq/rows.csv?accessType=DOWNLOAD","250096759",NULL,False,"2025-08-11 14:01:45.654704","2025-11-06 16:49:45.286324"
"228","19559","119156",102,"https://data.cdc.gov/api/views/25m4-6qqq/rows.rdf?accessType=DOWNLOAD","513870",NULL,False,"2025-08-11 14:01:45.654704","2025-11-06 16:56:45.51184"
"240","19725","120101",114,"https://data.cdc.gov/api/views/rsk5-566a/rows.csv?accessType=DOWNLOAD","22048983",NULL,False,"2025-08-11 14:01:45.654704","2025-11-06 16:57:08.669754"
"248","13020","104401",116,"https://pasteur.epa.gov/uploads/10.23719/1503175/GAM_for_stratifying_reservoirs.xlsx","16048",NULL,False,"2025-08-11 14:01:45.654704","2025-11-06 16:57:58.220433"
"263","19607","119467",152,"https://data.cdc.gov/api/views/h7xa-837u/rows.json?accessType=DOWNLOAD","1385440",NULL,False,"2025-08-11 14:01:45.654704","2025-11-06 16:58:37.417965"
"273","13181","104827",157,"https://pasteur.epa.gov/uploads/10.23719/1500450/mangrovedata_2.xlsx","28662",NULL,False,"2025-08-11 14:01:45.654704","2025-11-06 16:58:57.83544"
"293","19633","119555",178,"https://data.cdc.gov/api/views/dttw-5yxu/rows.rdf?accessType=DOWNLOAD","893114",NULL,False,"2025-08-11 14:01:45.654704","2025-11-06 17:13:47.22799"
"307","19558","119151",186,"https://data.cdc.gov/api/views/hgyx-uuxz/rows.csv?accessType=DOWNLOAD","12936753",NULL,False,"2025-08-11 14:01:45.654704","2025-11-06 17:20:34.090357"
"309","19558","119152",186,"https://data.cdc.gov/api/views/hgyx-uuxz/rows.rdf?accessType=DOWNLOAD","681069",NULL,False,"2025-08-11 14:01:45.654704","2025-11-06 17:20:35.252338"
"317","13157","104785",189,"https://pasteur.epa.gov/uploads/10.23719/1518467/cesm_t2max_o3.csv","4362644",NULL,False,"2025-08-11 14:01:45.654704","2025-11-06 17:20:54.957538"
"332","19606","119461",200,"https://data.cdc.gov/api/views/twtn-mxqy/rows.csv?accessType=DOWNLOAD","24157696",NULL,False,"2025-08-11 14:01:45.654704","2025-11-06 17:21:39.609943"
"326","13025","104418",197,"https://pasteur.epa.gov/uploads/10.23719/1517571/NationalGHGIndustryAttributionModel.xlsx","2583824",NULL,False,"2025-08-11 14:01:45.654704","2025-11-06 17:21:57.324556"
"342","19574","119264",269,"https://data.cdc.gov/api/views/nt65-c7a7/rows.xml?accessType=DOWNLOAD","75625595",NULL,False,"2025-08-11 14:01:45.654704","2025-11-06 17:23:23.178588"
"357","19772","120897",287,"https://data.cdc.gov/api/views/vh55-3he6/rows.json?accessType=DOWNLOAD","56394320",NULL,False,"2025-08-11 14:01:45.654704","2025-11-06 17:23:47.678144"
"367","19615","119508",290,"https://data.cdc.gov/api/views/xt86-xqxz/rows.csv?accessType=DOWNLOAD","824079",NULL,False,"2025-08-11 14:01:45.654704","2025-11-06 17:24:16.063561"
"366","19713","119993",289,"https://data.cdc.gov/api/views/fhky-rtsk/rows.csv?accessType=DOWNLOAD","12081483",NULL,False,"2025-08-11 14:01:45.654704","2025-11-06 17:24:44.233168"
"529","19627","119539",458,"https://data.cdc.gov/api/views/mc4y-cbbv/rows.csv?accessType=DOWNLOAD","439",NULL,False,"2025-08-11 14:01:45.654704","2025-11-07 13:26:12.560261"
"572","23054","130588",476,"http://turbmodels.larc.nasa.gov/Other_exp_Data/SBLI2.05/Baseline_experiments_3mm_and_5mm_ramps.tar.gz","93993916",NULL,False,"2025-08-11 14:01:45.654704","2025-11-07 13:26:49.64645"
"545","19912","121995",464,"https://data.cdc.gov/api/views/mssc-ksj7/rows.csv?accessType=DOWNLOAD","3689429",NULL,False,"2025-08-11 14:01:45.654704","2025-11-07 13:26:54.903794"
"560","19681","119837",471,"https://data.cdc.gov/api/views/b2jx-uyck/rows.csv?accessType=DOWNLOAD","101306",NULL,False,"2025-08-11 14:01:45.654704","2025-11-07 13:27:36.537009"
"644","19603","119382",477,"https://data.cms.gov/sites/default/files/2025-05/ec7d5929-ba13-4a1a-8f4f-3af5034b7a0c/2025_20250515.zip","2398931036",NULL,False,"2025-08-11 14:01:45.654704","2025-11-07 13:27:48.939318"
"640","19603","119386",477,"https://data.cms.gov/sites/default/files/2025-01/b41e18c0-2249-490f-a57b-5ed085e03baf/2025_20250123.zip","2401992294",NULL,False,"2025-08-11 14:01:45.654704","2025-11-07 13:27:56.243527"
"630","19603","119396",477,"https://data.cms.gov/sites/default/files/2025-04/6645b2dd-1903-4074-b39a-3f618894051f/2024_20250331_MAR2024.zip","2596592503",NULL,False,"2025-08-11 14:01:45.654704","2025-11-07 13:28:16.818103"
"619","19603","119407",477,"https://data.cms.gov/sites/default/files/2023-11/f3f63420-0cdc-41af-adbf-74fcb57f6888/2023_20230407.zip","2745404103",NULL,False,"2025-08-11 14:01:45.654704","2025-11-07 13:28:40.055233"
"573","19603","119416",477,"https://data.cms.gov/sites/default/files/2023-11/b82114ef-4dfe-4ad7-8c7a-3d89cad470b6/2022_20220701.zip","2613834069",NULL,False,"2025-08-11 14:01:45.654704","2025-11-07 13:29:00.141903"
"601","19603","119426",477,"https://data.cms.gov/sites/default/files/2023-11/313f3ad0-8412-432c-acf6-f46175ace422/2021_20210910.zip","2534374306",NULL,False,"2025-08-11 14:01:45.654704","2025-11-07 13:29:17.927495"
"591","19603","119436",477,"https://data.cms.gov/sites/default/files/2023-11/db288d4b-8cdb-4483-9924-6c005bfbe90d/2021_20201106.zip","2506741727",NULL,False,"2025-08-11 14:01:45.654704","2025-11-07 14:34:13.442829"
"581","19603","119446",477,"https://data.cms.gov/sites/default/files/2023-11/ed2f7f92-ac9f-480c-8280-b9a10037953a/2020_20200103.zip","2480576994",NULL,False,"2025-08-11 14:01:45.654704","2025-11-07 14:37:30.359648"
"649","19603","119454",477,"https://data.cms.gov/sites/default/files/2023-11/8d112636-ebd5-4342-a496-3254e72a83b6/2019_20190508.zip","2211802614",NULL,False,"2025-08-11 14:01:45.654704","2025-11-07 14:37:43.240033"
"654","19886","121814",480,"https://data.cdc.gov/api/views/m74n-4hbs/rows.csv?accessType=DOWNLOAD","22793266",NULL,False,"2025-08-11 14:01:45.654704","2025-11-07 14:38:12.255491"
"659","19556","119126",482,"https://www.acf.hhs.gov/sites/default/files/documents/ofa/fy2020_tanf_financial_data_table_092221.xlsx","577972",NULL,False,"2025-08-11 14:01:45.654704","2025-11-07 14:43:35.29834"
"556","152939","1447105",468,"http://www.ams.usda.gov/sites/default/files/media/BrazilSoybeanTable3.xlsx","25465",NULL,False,"2025-08-11 14:01:45.654704","2025-11-07 14:43:40.134286"
"663","19791","121233",488,"https://data.cdc.gov/api/views/qnzd-25i4/rows.xml?accessType=DOWNLOAD","419446784",NULL,False,"2025-08-11 14:01:45.654704","2025-11-07 14:45:30.533417"
"664","19675","119820",489,"https://healthdata.gov/api/views/sgxm-t72h/rows.xml?accessType=DOWNLOAD","419446784",NULL,False,"2025-08-11 14:01:45.654704","2025-11-07 14:46:35.431818"
"675","19770","120833",494,"https://data.cdc.gov/api/views/7nwe-3aj9/rows.xml?accessType=DOWNLOAD","15193462",NULL,False,"2025-08-11 14:01:45.654704","2025-11-07 14:47:37.508108"
"759","5362","29687",528,"https://data.openei.org/files/6127/setbacks_rail_115hh_170rd_extrapolated.tif","7699042",NULL,False,"2025-08-11 14:01:45.654704","2025-11-07 14:47:42.332757"
"730","4011","24404",520,"https://data.openei.org/files/6125/setbacks_pipeline_115hh_170rd_extrapolated.tif","7151276",NULL,False,"2025-08-11 14:01:45.654704","2025-11-07 14:47:55.980022"
